K,nonlinear_mean,se,ci95_low,ci95_high,paired_difference,paired_se,bonferroni15_ci95_low,bonferroni15_ci95_high
1.523875161500004,0.00014776493756354385,3.4883918302062445e-07,0.00014708118394683836,0.00014844869118024935,4.415221002838732e-05,2.0556553786349698e-07,4.35487616379388e-05,4.4755658418835845e-05
1.9048439518750049,0.00011559685376068072,3.5895210058549894e-07,0.00011489327799010892,0.00011630042953125252,1.19841262255242e-05,1.2460597524313156e-07,1.1618338866503605e-05,1.2349913584544795e-05
2.1588231454583386,0.00010713829697436417,3.761910953211598e-07,0.00010640093134997834,0.00010787566259875,3.525569439207636e-06,7.370529721009279e-08,3.3092036833945415e-06,3.7419351950207307e-06
2.285812742250006,0.00010503422832060743,3.8697476682239467e-07,0.00010427572580922831,0.00010579273083198654,1.4215007854509058e-06,4.883238563676371e-08,1.2781507627742713e-06,1.5648508081275402e-06
2.4128023390416726,0.00010392962958179292,3.9887850140751755e-07,0.00010314779476724649,0.00010471146439633936,3.1690204663639544e-07,2.4284809849361193e-08,2.4561271687686756e-07,3.881913763959233e-07
2.4762971374375065,0.0001036836349001854,4.0519366555664093e-07,0.00010288942184220408,0.0001044778479581667,7.090736502888187e-08,1.2110802821453004e-08,3.535546977638951e-08,1.0645926028137422e-07
2.5143940164750065,0.00010362139923357319,4.090867218633389e-07,0.00010281955546362112,0.00010442324300352526,8.67169841666067e-09,4.837482460812381e-09,-5.528984417339685e-09,2.2872381250661024e-08
2.527092976154173,0.00010361386174330383,4.1040086282592676e-07,0.00010280944214850247,0.00010441828133810519,1.1342081473098213e-09,2.417630211945328e-09,-5.9628718168761635e-09,8.231288111495806e-09
2.53979193583334,0.0001036127275351565,4.117230613281346e-07,0.00010280571632206257,0.00010441973874825044,0.0,0.0,0.0,0.0
2.552490895512506,0.0001036178877842144,4.130535788210185e-07,0.0001028082686469189,0.00010442750692150989,5.160249057868861e-09,2.415268425471961e-09,-1.9298977585689693e-09,1.2250395874306691e-08
2.565189855191673,0.00010362915184119518,4.1439201758072166e-07,0.00010281690925336078,0.00010444139442902958,1.6424306038671084e-08,4.828201971538924e-09,2.250866566436753e-09,3.0597745510905414e-08
2.6032867342291732,0.00010369817863922651,4.184522260005968e-07,0.00010287797770747092,0.0001045183795709821,8.54511040699777e-08,1.205164047244432e-08,5.007288298804671e-08,1.2082932515190868e-07
2.666781532625007,0.00010392377138103186,4.2535897902383667e-07,0.00010309003264277632,0.0001047575101192874,3.1104384587533924e-07,2.404458809986208e-08,2.4045969962853724e-07,3.8162799212214123e-07
2.7937711294166743,0.0001047410786774728,4.3965242460140493e-07,0.0001038793236050881,0.0001056028337498575,1.1283511423162722e-06,4.786599801295969e-08,9.87838001065362e-07,1.2688642835671825e-06
3.1747399197916746,0.00010938375382797463,4.855410325643997e-07,0.00010843205329307455,0.00011033545436287471,5.771026292818115e-06,1.1824767019361641e-07,5.42390407090167e-06,6.118148514734559e-06
3.8096879037500098,0.00012149530226664844,5.684578194243725e-07,0.00012038107797965669,0.00012260952655364019,1.788257473149192e-05,2.3283738443363095e-07,1.719906840872482e-05,1.856608105425902e-05
