graph,source_row,predicted_rho,fitted_rho,residual
path,0,0.6,0.5985490881577801,-0.0014509118422199
path,1,1.0,0.9985998476635926,-0.0014001523364074
path,2,1.4,1.3986661993339613,-0.0013338006660387
ring,0,0.6,0.5992635676415764,-0.0007364323584236
ring,1,1.0,0.9991329584047428,-0.0008670415952572
ring,2,1.4,1.3991637581683094,-0.0008362418316906
complete,0,0.6,0.5991916824898808,-0.0008083175101192
complete,1,1.0,0.9993635360136622,-0.0006364639863378
complete,2,1.4,1.399454333398653,-0.000545666601347
