source_row,sigma,inverse_time_rms_ratio,inverse_square_rms_ratio
0,1e-09,349.0444795768085,7.1049835439562945
1,1.584893192461111e-09,304.829675849731004043113264249970984548485352660826730681807,6.95972400858444516725365421626626575267871169738519929897397
2,2.511886431509582e-09,266.215730990251547471544757883345275807291921178250342729028,6.81453473268454299869146640158780537166175844639444919529064
3,3.981071705534969e-09,232.493162711659815541379720046927321683650844376393615204880,6.66941866941444672216523737582113837517386324609584331842608
4,6.309573444801943e-09,203.042361571223672633818092742850401988524712714021072628310,6.52437896042001503696957234137989855655237222908894963922187
5,1e-08,177.32220643214657,6.37941895210162
6,1.584893192461114e-08,154.860122048644929522613509608716524271428716007579473291325,6.23454221366021477332913496993368281761663832972704729738127
7,2.511886431509582e-08,135.243396094881813139813099606811364191513266000808488940017,6.08975255715931282968509343762454537538040729321025448507573
8,3.981071705534969e-08,118.111596099166069122890496810482282554939194502831593402209,5.94505405987554630338029003078854611170314869794755765486866
9,6.30957344480193e-08,103.149946954197195194464559753278269012077150429142566271468,5.80045108925343075288723841414210144502516746956360459213912
10,1e-07,90.0835473235031194260913498659090730658843161362726360100123,5.65594833083019684533648723400391121608489341994720203295644
11,1.584893192461114e-07,78.6723186778687356220803664372894543305547676849483960923739,5.51155081955527315060724733735828412516687236040160939910108
12,2.5118864315095823e-07,68.7065941567043259995924058519784529387425248177360242198741,5.36726397499789985646315433654749237190574361362793153749304
13,3.981071705534969e-07,60.0032662052726155836135678368906310834221529290222461025812,5.22309364101645329680995572120280586024329129646742733265235
14,6.309573444801942e-07,52.4024222054923372045863068965762249854399305008047162636534,5.07904613055623697893567435302000927296020675898820885977566
15,1e-06,45.7644062843001922031421500961015710750480507855375240253928,4.93512827634968656413817484328206908742164103454371082051727
16,1.584893192461114e-06,39.9672533140236183034557106479712367183574305500679760627698,4.79134748841491666415586771443003779009677839645532577580610
17,2.5118864315095823e-06,34.9044479577772337774921434963756314339098372581350429934141,4.64771181938577189762707565713992922158131495020602733002683
18,3.981071705534969e-06,30.4829675851845612449974203600741608960572856216730578117160,4.50423003885609742103578226813293368067939645250340889262739
19,6.309573444801943e-06,26.6215730994890466903835650961208006698632131253370700280096,4.36091171807943438859898809831852989810200072555230549152061
20,9.999999999999999e-06,23.2493162721836381385408091252908543103454552446027037967757,4.21776732652293938810287962169908279137291630947692495276548
21,1.584893192461114e-05,20.3042361593548152173430582710314217895070604816334297985671,4.07480834191620408953974659373360359020807400231966927631456
22,2.5118864315095822e-05,17.7322206481119418494680841669282658108536504679581166534670,3.93204737553801332989588888199048862581665292213451078678899
23,3.9810717055349776e-05,15.4860122156076498442669626647328089740425802115708232443141,3.78949831451341863983007178048167824225409800654707530429525
24,6.309573444801943e-05,13.5243396330554139545273935574783888593282574287559927969937,3.64717648280987303104538856587605711433153370631004416676215
25,0.0001,11.8111596616159581269638244732233096697341010263395381582876,3.50509882239391776145970656790675669356312667713996402938715
26,0.00015848931924611142,10.3149948088323947186666167770289138409778975018580743815444,3.36328409566622639943589936035753356624673912334216555159721
27,0.0002511886431509582,9.00835498114326692606100790118324645476282569081991000882425,3.22175311005114527393498505188641597832286775390180388918719
28,0.00039810717055349773,7.86723241356300295614274558852965422085218764765544176486107,3.08052896621487586858542408588894947209816778547098684436821
29,0.0006309573444801943,6.87066061293730961369330979374109827833820719682731832163187,2.93963733487894182506987291801452039055233161292039580143351
30,0.001,6.00032924696638335972406746827383761161820311999720317243159,2.79910677882247504619546466959001149575465162301490351309313
