s,tau,raw_tau30_tail,transported_tau35_tail,raw_fit_selected,transported_fit_selected
0.2,1.6094379124341003,0.0006203135321233231,0.0006203135321170992,0,0
0.19504854518149034,1.6345068017525437,0.0005675412717199528,0.0005675412717139472,0,0
0.19021967488707933,1.6595756910709871,0.0005193030906567093,0.0005193030906509361,0,0
0.18551035425810444,1.6846445803894305,0.00047520485424528867,0.00047520485423931325,0,0
0.1809176235707308,1.709713469707874,0.0004348871507071033,0.0004348871507014476,0,0
0.17643859637581774,1.7347823590263172,0.00039802218824684676,0.0003980221882412423,0,0
0.17207045768483703,1.759851248344761,0.00036431097101562523,0.0003643109710102676,0,0
0.16781046220070328,1.7849201376632042,0.00033348073296826663,0.0003334807329629606,0,0
0.16365593259240324,1.8099890269816477,0.0003052826018264433,0.00030528260182116873,0,0
0.15960425781234144,1.8350579163000913,0.00027948947674441067,0.00027948947673920113,0,0
0.15565289145534353,1.8601268056185347,0.00025589409586167233,0.00025589409585660813,0,0
0.1517993501582859,1.8851956949369781,0.00023430727906713445,0.00023430727906212527,0,0
0.14804121203934645,1.9102645842554218,0.00021455632729744208,0.00021455632729270202,0,0
0.14437611517589527,1.935333473573865,0.00019648356769584848,0.00019648356769098963,0,0
0.14080175612006832,1.9604023628923082,0.00017994502765206088,0.00017994502764733674,0,0
0.13731588845109158,1.985471252210752,0.00016480922903491153,0.00016480922903016379,0,0
0.1339163213634461,2.0105401415291952,0.00015095608796410214,0.00015095608795973774,0,0
0.13060091828998546,2.0356090308476387,0.00013827591558095083,0.00013827591557640802,0,0
0.1273675955591418,2.060677920166082,0.00012666850559290974,0.0001266685055887402,0,0
0.12421432108537522,2.085746809484526,0.0001160423049077946,0.00011604230490334892,0,0
0.12113911309204478,2.110815698802969,0.00010631365600367931,0.0001063136559993385,0,0
0.1181400388658968,2.1358845881214124,9.740610791086283e-05,9.740610790676308e-05,0,0
0.11521521354238948,2.1609534774398558,8.924978795415648e-05,8.924978795005754e-05,0,0
0.11236279892108901,2.1860223667582996,8.178082840421718e-05,8.178082840018628e-05,0,0
0.10958100231039371,2.2110912560767426,7.494084530979854e-05,7.49408453057887e-05,0,0
0.10686807540085912,2.236160145395186,6.867646091726681e-05,6.867646091332787e-05,0,0
0.10422231316641689,2.26122903471363,6.293887001939495e-05,6.29388700154861e-05,0,0
0.10164205279279649,2.286297924032073,5.768344411380945e-05,5.768344410978671e-05,0,0
0.09912567263247594,2.3113668133505167,5.28693693628613e-05,5.286936935887573e-05,0,0
0.09667159118550549,2.33643570266896,4.845931762370764e-05,4.8459317619849216e-05,0,0
0.09427826610556313,2.3615045919874036,4.441914586332114e-05,4.441914585937323e-05,0,0
0.0919441932306175,2.386573481305847,4.071761979884981e-05,4.071761979518933e-05,0,0
0.08966790563758885,2.4116423706242904,3.732616552805397e-05,3.732616552427127e-05,0,0
0.08744797272041431,2.4367112599427334,3.421863968659741e-05,3.42186396830587e-05,0,0
0.0852829992909373,2.4617801492611773,3.1371120508876954e-05,3.137112050528442e-05,0,0
0.08317162470205693,2.4868490385796207,2.87617177659633e-05,2.8761717762429276e-05,0,0
0.08111252199258556,2.5119179278980637,2.6370398943684216e-05,2.6370398940097232e-05,0,0
0.07910439705327724,2.5369868172165075,2.4178828329407894e-05,2.4178828325749535e-05,0,0
0.07714598781350346,2.562055706534951,2.2170223769210643e-05,2.217022376561596e-05,0,0
0.07523606344806417,2.5871245958533944,2.0329223293506526e-05,2.0329223289984394e-05,0,0
0.07337342360363606,2.612193485171838,1.8641763592609604e-05,1.8641763589073814e-05,0,0
0.07155689764437216,2.6372623744902817,1.7094969411183206e-05,1.7094969407945054e-05,0,0
0.06978534391617804,2.6623312638087246,1.567705285525764e-05,1.567705285202084e-05,0,0
0.06805764902920243,2.6874001531271685,1.4377220595802992e-05,1.4377220592388189e-05,0,0
0.06637272715809203,2.7124690424456115,1.318558803309454e-05,1.318558802976669e-05,0,0
0.0647295193595692,2.737537931764055,1.2093103960382301e-05,1.209310395724493e-05,0,0
0.0631269929069054,2.7626068210824988,1.10914789356343e-05,1.1091478932347876e-05,0,0
0.06156414064087077,2.787675710400942,1.0173120588088317e-05,1.0173120585090894e-05,0,0
0.06003998033675255,2.812744599719385,9.331074639124394e-06,9.331074636181524e-06,0,0
0.05855355408704434,2.837813489037829,8.558971198117277e-06,8.558971194989395e-06,0,0
0.057103927699418536,2.862882378356272,7.850975329178516e-06,7.850975326108052e-06,0,0
0.05569019010960295,2.8879512676747154,7.201741067568605e-06,7.201741064453519e-06,0,0
0.05431145280879337,2.9130201569931593,6.606370635217423e-06,6.606370632125432e-06,0,0
0.05296684928524155,2.9380890463116027,6.060376941175098e-06,6.060376938226528e-06,0,0
0.051655534479668135,2.963157935630046,5.559648524076275e-06,5.5596485210922e-06,0,0
0.050376684254157915,2.988226824948489,5.100417855431734e-06,5.100417852361322e-06,0,0
0.04912949487420395,3.013295714266933,4.679232563747398e-06,4.67923256065026e-06,1,1
0.04791318250357482,3.0383646035853764,4.292929054144011e-06,4.292929051137669e-06,1,1
0.04672698271168751,3.06343349290382,3.938608082688218e-06,3.93860807958735e-06,1,1
0.045570149993176476,3.0885023822222637,3.6136121812109074e-06,3.6136121783615348e-06,1,1
0.04444195729935688,3.1135712715407067,3.3155057472553424e-06,3.315505744312977e-06,1,1
0.04334169558128738,3.1386401608591497,3.0420564945144963e-06,3.0420564916767432e-06,1,1
0.04226867334414564,3.1637090501775935,2.7912182250632187e-06,2.791218222048585e-06,1,1
0.04122221621263622,3.188777939496037,2.5611151348194163e-06,2.561115132145434e-06,1,1
0.04020166650715768,3.213846828814481,2.350027689598597e-06,2.3500276868324163e-06,1,1
0.039206382830462766,3.238915718132924,2.15637964567295e-06,2.156379642851236e-06,1,1
0.038235739664551606,3.2639846074513676,1.978725961790656e-06,1.9787259589439925e-06,1,1
0.03728912697754499,3.2890534967698106,1.8157416487014844e-06,1.815741645870365e-06,1,1
0.036365949840290054,3.314122386088254,1.6662118660243576e-06,1.6662118631622233e-06,1,1
0.03546562805245812,3.339191275406698,1.5290228115270912e-06,1.529022808664116e-06,1,1
0.03458759577789903,3.3642601647251413,1.4031532656618033e-06,1.4031532629117186e-06,1,1
0.03373130118902332,3.3893290540435843,1.2876667480603086e-06,1.2876667453008254e-06,1,1
0.03289620611998838,3.4143979433620277,1.1817044408474673e-06,1.1817044380279026e-06,1,1
0.03208178572847085,3.439466832680471,1.0844788580296475e-06,1.0844788552616385e-06,1,1
0.03128752816581268,3.464535721998915,9.952679301821936e-07,9.952679274150684e-07,1,1
0.030512934255333315,3.4896046113173584,9.134094230076534e-07,9.134094203500157e-07,1,1
0.029757517178606113,3.514673500635802,8.382958609693577e-07,8.382958582918273e-07,1,1
0.02902080216950165,3.5397423899542453,7.693702196921747e-07,7.693702170225025e-07,1,1
0.02830232621580568,3.5648112792726883,7.061215568856324e-07,7.061215540938283e-07,1,1
0.027601637768224257,3.5898801685911317,6.48081305057101e-07,6.48081302324949e-07,1,1
0.026918296456593084,3.6149490579095755,5.948196593616818e-07,5.948196567974736e-07,1,1
0.02625187281311273,3.640017947228019,5.459422913446891e-07,5.459422884964677e-07,1,1
0.025601948002435784,3.6650868365464624,5.01087521671525e-07,5.010875189619494e-07,1,1
0.0249681135584363,3.690155725864906,4.5992367729232997e-07,4.5992367481963756e-07,1,1
0.024349971127496227,3.715224615183349,4.2214652318809223e-07,4.221465205844724e-07,1,1
0.023747132218147157,3.7402935045017927,3.8747685715640295e-07,3.874768546013849e-07,1,1
0.023159217956910495,3.765362393820236,3.556585140267005e-07,3.5565851138525647e-07,1,1
0.022585858850182185,3.79043128313868,3.264566806459149e-07,3.264566780965492e-07,1,1
0.02202669455201262,3.815500172457123,2.9965573397567936e-07,2.9965573138744356e-07,1,1
0.021481373637635606,3.8405690617755663,2.750580026727311e-07,2.750579998990034e-07,1,1
0.02094955338260421,3.8656379510940098,2.524820725144739e-07,2.5248206989408397e-07,1,1
0.0204308995473946,3.890706840412453,2.3176142372764326e-07,2.317614212799423e-07,1,1
0.019925086167342423,3.915775729730897,2.127433022759844e-07,2.1274329963082367e-07,1,1
0.019431795347779886,3.94084461904934,1.9528763544767255e-07,1.95287632774028e-07,1,1
0.018950717064244588,3.965913508367784,1.792659317281578e-07,1.7926592912574505e-07,1,1
0.018481548967634747,3.9909823976862273,1.6456020811240559e-07,1.6456020553130715e-07,1,1
0.018023996194188163,4.016051287004671,1.5106211377189564e-07,1.5106211105786557e-07,1,1
0.017577771180165593,4.041120176323114,1.3867243082382216e-07,1.3867242815801638e-07,1,1
0.01714259348112213,4.066189065641558,1.2730000745911632e-07,1.2730000500676774e-07,1,1
0.01671818959565286,4.0912579549600006,1.1686118179762713e-07,1.1686117926913063e-07,1,1
0.01630429279350209,4.116326844278444,1.0727927495465847e-07,1.0727927220903594e-07,1,1
0.015900642947928197,4.141395733596887,9.848383832601798e-08,9.848383576608421e-08,1,1
0.015506986372218588,4.166464622915331,9.041017337411789e-08,9.041017093152002e-08,1,1
0.015123075660252156,4.191533512233775,8.299894074478965e-08,8.299893828623047e-08,1,1
0.01474866953100895,4.216602401552218,7.61957576236718e-08,7.619575523696105e-08,1,1
0.01438353267692934,4.241671290870661,6.99507441466633e-08,6.995074161550208e-08,1,1
0.01402743561602747,4.266740180189105,6.421806004768883e-08,6.421805753229915e-08,1,1
0.013680154547665906,4.291809069507548,5.895553625518498e-08,5.89555336948544e-08,1,1
0.013341471211900916,4.316877958825992,5.4124568793352186e-08,5.4124566211052616e-08,1,1
0.013011172752310037,4.341946848144436,4.968986828520478e-08,4.968986576694056e-08,1,1
0.012689051582215604,4.367015737462879,4.561877696376709e-08,4.561877442699079e-08,1,1
0.012374905254220202,4.3920846267813225,4.1881503636573206e-08,4.1881501114947745e-08,1,1
0.012068536332972153,4.4171535160997655,3.845069276278258e-08,3.845069025685979e-08,1,1
0.011769752271080885,4.442222405418209,3.530116066069757e-08,3.530115818159404e-08,1,1
0.011478365288104338,4.467291294736652,3.240976281303791e-08,3.240976029908095e-08,1,1
0.011194192252532343,4.492360184055096,2.975529119170262e-08,2.9755288641722474e-08,1,1
0.01091705456669172,4.517429073373539,2.731834134486087e-08,2.7318338781234715e-08,1,1
0.010646778054500825,4.542497962691983,2.5081132557212882e-08,2.5081130062689534e-08,1,1
0.010383192852003014,4.567566852010427,2.302730454995862e-08,2.3027301990526256e-08,1,1
0.01012613330061019,4.59263574132887,2.1141751704751243e-08,2.1141749221466734e-08,1,1
0.009875437842989299,4.617704630647313,1.9410593879713616e-08,1.9410591493527872e-08,1,1
0.009630948921526494,4.642773519965756,1.7821331383471936e-08,1.7821328875509725e-08,1,1
0.009392512879304928,4.6678424092842,1.636229800118263e-08,1.6362295621895374e-08,1,1
0.009159979863534182,4.692911298602643,1.502275348549479e-08,1.5022750989459712e-08,1,1
0.00893320373137044,4.7179801879210865,1.3792965713259393e-08,1.3792963363455589e-08,1,1
0.008712041958068323,4.74304907723953,1.2663966049430286e-08,1.2663963670918242e-08,1,1
0.008496355547406641,4.768117966557974,1.1627459896664404e-08,1.1627457269148493e-08,1,1
0.00828600894433175,4.793186855876417,1.0675809796979263e-08,1.0675807254555838e-08,1,1
0.008080869949763618,4.818255745194861,9.802028717319225e-09,9.802026424164266e-09,1,1
0.007880809637511081,4.843324634513305,8.99975154969739e-09,8.999749115794523e-09,1,1
0.007685702273244027,4.868393523831747,8.263170224605388e-09,8.263167743119732e-09,1,1
0.0074954252354716006,4.893462413150191,7.586943633725043e-09,7.586941339942004e-09,1,1
0.007309858938476824,4.918531302468635,6.966111068909018e-09,6.9661086571144465e-09,1,1
0.007128886757159094,4.943600191787077,6.396054468360694e-09,6.396051944460655e-09,1,1
0.006952394953737366,4.968669081105521,5.872582252085156e-09,5.872579863368844e-09,1,1
0.006780272606268038,4.993737970423965,5.392064789589661e-09,5.392062371915413e-09,1,1
0.006612411538932461,5.018806859742408,4.950891559316305e-09,4.950889219188558e-09,1,1
0.006448706254050378,5.0438757490608515,4.545801890984049e-09,4.5457995346991435e-09,1,1
0.00628905386577652,5.068944638379295,4.173892415113266e-09,4.173890063188203e-09,1,1
0.006133354035438688,5.094013527697739,3.8324758457190396e-09,3.832473417182119e-09,1,1
0.005981508908476693,5.119082417016182,3.5190375860071414e-09,3.5190352566427066e-09,1,1
0.00583342305294252,5.144151306334625,3.231243385198487e-09,3.2312408874524733e-09,1,1
0.00568900339952303,5.169220195653069,2.9669545564843914e-09,2.9669523096098534e-09,1,1
0.0055481591830475975,5.194289084971512,2.724238496021336e-09,2.7242361238111554e-09,1,1
0.005410801885443802,5.219357974289955,2.5013553699247985e-09,2.501353035706557e-09,1,1
0.005276845180105391,5.244426863608399,2.2967239747168887e-09,2.2967214428126334e-09,1,1
0.005146204877637578,5.269495752926842,2.108874814986598e-09,2.1088724030500605e-09,1,1
0.005018798872945493,5.294564642245286,1.936413807176359e-09,1.9364113790232667e-09,1,1
0.004894547093632608,5.3196335315637295,1.778017296888589e-09,1.7780150675704665e-09,1,1
0.004773371449676658,5.344702420882173,1.632503546031692e-09,1.6325011375243345e-09,1,1
0.004655195784351467,5.369771310200616,1.4989663924632629e-09,1.4989638926891813e-09,1,1
0.0045399458263637995,5.39484019951906,1.3763929140516762e-09,1.3763906213356577e-09,1,1
0.004427549143175189,5.419909088837504,1.2638193168307147e-09,1.2638169256512634e-09,1,1
0.004317935095479376,5.444977978155946,1.1604565000543733e-09,1.1604540469406203e-09,1,1
0.004211034792806758,5.47004686747439,1.0655837947794687e-09,1.065581332663787e-09,1,1
0.004106781050227983,5.495115756792834,9.78510188463132e-10,9.785078535529015e-10,1,1
0.0040051083461294075,5.520184646111276,8.985763130153764e-10,8.98573737672367e-10,1,1
0.0039059527810339275,5.54525353542972,8.251649281073922e-10,8.251625143372769e-10,1,1
0.003809252037441318,5.570322424748164,7.577201648945232e-10,7.577177320007586e-10,1,1
0.0037149453406627835,5.595391314066608,6.957510103212117e-10,6.957485867254623e-10,1,1
0.0036229734206251587,5.620460203385051,6.388296921098922e-10,6.388272355246983e-10,1,1
0.003533278474620723,5.6455290927034945,5.865718791207707e-10,5.865695183883658e-10,1,1
0.0034458041309792355,5.670597982021938,5.386154672482623e-10,5.386129768232257e-10,1,1
0.003360495413639346,5.695666871340381,4.945995453426856e-10,4.945969945942901e-10,1,1
0.0032772987075971273,5.720735760658824,4.541624861078329e-10,4.5416012436443174e-10,1,1
0.00319616172520999,5.745804649977268,4.169731699771802e-10,4.1697080473727273e-10,1,1
0.003117033473334853,5.770873539295711,3.8282002631152183e-10,3.828176266045104e-10,1,1
0.003039864221279856,5.795942428614154,3.5153695500225705e-10,3.5153448929083466e-10,1,1
0.0029646054695494986,5.821011317932598,3.228011543035687e-10,3.227986320441464e-10,1,1
0.0028912099193635927,5.846080207251042,2.96401117831899e-10,2.963986561291378e-10,1,1
0.002819631442930813,5.871149096569485,2.721695155386437e-10,2.721670919600056e-10,1,1
0.002749825054458206,5.896217985887929,2.4994495640012805e-10,2.499423892392759e-10,1,1
0.002681746881878427,5.9212868752063725,2.2956213070002724e-10,2.2955954449969733e-10,1,1
0.002615354139276925,5.9463557645248155,2.1085537405602038e-10,2.108526614089982e-10,1,1
0.0025506051000017643,5.971424653843259,1.9366764481119454e-10,1.9366482666458688e-10,1,1
0.002487459070439171,5.996493543161702,1.778601024085338e-10,1.7785727538089155e-10,1,1
0.002425876364438312,6.021562432480145,1.6331823913823763e-10,1.6331519965856379e-10,1,1
0.0023658182783692773,6.046631321798589,1.4994837920009192e-10,1.499454940100866e-10,1,1
0.00230724706679853,6.071700211117032,1.3767217992771842e-10,1.3766937435725911e-10,1,1
0.0022501259187665697,6.096769100435475,1.2641468446120788e-10,1.2641178914926508e-10,1,1
0.0021944189346529176,6.121837989753919,1.1609392804800323e-10,1.1609107633853155e-10,1,1
0.002140091103613837,6.146906879072363,1.066160064050393e-10,1.0661312991594446e-10,1,1
0.0020871082815786444,6.171975768390806,9.788418288191806e-11,9.788126083793066e-11,1,1
0.0020354371697907736,6.19704465770925,8.983044910943744e-11,8.982758950491323e-11,1,1
0.0019850452938801016,6.222113547027694,8.246840801773797e-11,8.246562801681143e-11,1,1
0.0019359009834533903,6.247182436346137,7.573802600809492e-11,7.573522394836133e-11,1,1
0.00188797335219,6.2722513256645795,6.954757197719916e-11,6.954464696361235e-11,1,1
0.0018412322784304045,6.297320214983023,6.385692359402661e-11,6.385409029110218e-11,1,1
0.001795648386245255,6.322389104301467,5.86392908794965e-11,5.86362343406403e-11,1,1
0.0017511930269731386,6.34745799361991,5.386373483523573e-11,5.3860566156741226e-11,1,1
0.0017078382612154047,6.372526882938354,4.949383905399471e-11,4.949015958428901e-11,1,1
0.0016655568412767548,6.397595772256797,4.5487278082110887e-11,4.5483318913378445e-11,1,1
0.0016243221940405467,6.42266466157524,4.1803456316455507e-11,4.1799035626833655e-11,1,1
0.0015841084042680748,6.447733550893684,3.840732388027081e-11,3.840240221100559e-11,1,1
0.0015448901983113003,6.472802440212128,3.527210629047185e-11,3.526691945156764e-11,1,1
0.0015066429282288155,6.497871329530572,3.238058249141113e-11,3.2375450715718e-11,1,1
0.0014693425562950545,6.522940218849015,2.972152931690683e-11,2.971653313168357e-11,1,1
0.0014329656398930132,6.548009108167458,2.7285821399414687e-11,2.7280693448925667e-11,1,1
0.0013974893167809776,6.5730779974859015,2.5059638794121457e-11,2.505430362794219e-11,1,1
0.0013628912907240223,6.5981468868043445,2.302124623361946e-11,2.3015719635807036e-11,1,1
0.0013291498174812203,6.623215776122788,2.114235677406341e-11,2.113676658370307e-11,1,1
0.0012962436911397768,6.648284665441232,1.9395279280694904e-11,1.9390198425199112e-11,1,1
0.0012641522307874937,6.673353554759674,1.777580612492085e-11,1.7771427634626017e-11,1,1
0.0012328552675151807,6.698422444078118,1.631979069520816e-11,1.6315141857476317e-11,1,1
0.001202333131740865,6.723491333396562,1.4992446258924952e-11,1.4987324725222803e-11,1,1
0.001172566640847804,6.748560222715006,1.3767123738324154e-11,1.3761644215384304e-11,1,1
0.001143537087128556,6.773629112033449,1.2638796705243635e-11,1.2633272768528472e-11,1,1
0.0011152262260275194,6.798698001351893,1.160744846838387e-11,1.160151361467415e-11,1,1
0.0010876162646745588,6.823766890670336,1.066912570135314e-11,1.0662374373499126e-11,1,1
0.0010606898507024966,6.848835779988779,9.8171130301439e-12,9.808711926093563e-12,1,1
0.0010344300613414703,6.8739046693072225,9.040144102954395e-12,9.029398702176324e-12,1,1
0.0010088203927832678,6.898973558625666,8.325955220258656e-12,8.312929668337636e-12,1,1
0.0009838447498089799,6.924042447944109,7.663968984764347e-12,7.648812660015414e-12,0,0
0.0009594874356734439,6.949111337262553,7.046452060881065e-12,7.0298704455813555e-12,0,0
0.0009357331422401207,6.974180226580996,6.470422406566229e-12,6.453175150754827e-12,0,0
0.0009125669403602003,6.99924911589944,5.936164049979915e-12,5.918848971383731e-12,0,0
0.0008899742704899043,7.024318005217883,5.4458259334955485e-12,5.428469021637008e-12,0,0
0.0008679409335400697,7.049386894536327,5.000728697386747e-12,4.983081692091544e-12,0,0
0.0008464530819522756,7.074455783854771,4.5980077338381324e-12,4.5792964957815005e-12,0,0
0.0008254972109959006,7.099524673173214,4.230188184846864e-12,4.210153052417823e-12,0,0
0.0008050601502806414,7.124593562491657,3.885520014451622e-12,3.865171920389969e-12,0,0
0.0007851290554791551,7.149662451810101,3.5545902962146166e-12,3.5361805927659327e-12,0,0
0.0007656914002546339,7.174731341128544,3.2429143185695808e-12,3.228109325662625e-12,0,0
0.0007467349683882225,7.1998002304469875,2.979003679449949e-12,2.9631097865477004e-12,0,0
0.0007282478461013446,7.224869119765431,2.7427525783139627e-12,2.72410210155325e-12,0,0
0.0007102184145681062,7.249938009083873,2.5213735442575666e-12,2.5011670689413696e-12,0,0
0.0006926353426130682,7.275006898402317,2.3160561532148713e-12,2.2950992801150565e-12,0,0
0.0006754875795898101,7.300075787720761,2.129449822523714e-12,2.107122065124969e-12,0,0
0.000658764348435793,7.325144677039205,1.964656869218661e-12,1.938298885535735e-12,0,0
0.0006424551388991688,7.350213566357648,1.8219663347861667e-12,1.7878760407776983e-12,0,0
0.0006265497009332756,7.375282455676092,1.6981081244962903e-12,1.653405650868131e-12,0,0
0.0006110380382546667,7.400351344994535,1.588606409932579e-12,1.5317601945239757e-12,0,0
0.0005959104020606227,7.425420234312978,1.4872620652516083e-12,1.4187557233658864e-12,0,0
0.000581157284902207,7.450489123631422,1.3882953380320441e-12,1.3106709504481365e-12,0,0
0.0005667694147090017,7.4755580129498655,1.28935945386367e-12,1.205956552909559e-12,0,0
0.0005527377489617776,7.500626902268309,1.1905369591052568e-12,1.104767596540314e-12,0,0
0.0005390534690094325,7.525695791586752,1.0960770022280294e-12,1.0099638321622672e-12,0,0
0.0005257079745266273,7.550764680905195,1.0104378842969237e-12,9.236473813716258e-13,0,0
0.000512692878108633,7.575833570223639,9.368550140886376e-13,8.473900857319897e-13,0,0
0.0005,7.600902459542082,8.7533365686841e-13,7.801726863393416e-13,0,0
