run,direction_x,direction_y,sign,endpoint_perturbation_norm,fitted_slope,fit_points
1,1.0,0.0,-1,1e-12,3.4149188141667772,156
1,1.0,0.0,1,1e-12,3.39960752171688,156
1,0.0,1.0,-1,1e-12,3.4172278649539503,156
1,0.0,1.0,1,1e-12,3.3977017813914583,156
1,0.7071067811865475,0.7071067811865475,-1,1e-12,3.42014333522772,156
1,0.7071067811865475,0.7071067811865475,1,1e-12,3.3954177682040894,156
2,1.0,0.0,-1,1e-12,3.415320645200637,156
2,1.0,0.0,1,1e-12,3.400004761890527,156
2,0.0,1.0,-1,1e-12,3.417657437662594,156
2,0.0,1.0,1,1e-12,3.398076754222897,156
2,0.7071067811865475,0.7071067811865475,-1,1e-12,3.420568162539809,156
2,0.7071067811865475,0.7071067811865475,1,1e-12,3.395799133315407,156
3,1.0,0.0,-1,1e-12,3.4153239556757726,156
3,1.0,0.0,1,1e-12,3.400007625968266,156
3,0.0,1.0,-1,1e-12,3.417660719230292,156
3,0.0,1.0,1,1e-12,3.3980798132263264,156
3,0.7071067811865475,0.7071067811865475,-1,1e-12,3.420571629960511,156
3,0.7071067811865475,0.7071067811865475,1,1e-12,3.3958022293685297,156
4,1.0,0.0,-1,1e-12,3.4153167425768634,156
4,1.0,0.0,1,1e-12,3.4000008593455933,156
4,0.0,1.0,-1,1e-12,3.4176529749904145,156
4,0.0,1.0,1,1e-12,3.3980727824445793,156
4,0.7071067811865475,0.7071067811865475,-1,1e-12,3.420564023721299,156
4,0.7071067811865475,0.7071067811865475,1,1e-12,3.3957955272224707,156
5,1.0,0.0,-1,1e-12,3.415318713965109,156
5,1.0,0.0,1,1e-12,3.400003562676365,156
5,0.0,1.0,-1,1e-12,3.4176558707829283,156
5,0.0,1.0,1,1e-12,3.39807522659186,156
5,0.7071067811865475,0.7071067811865475,-1,1e-12,3.4205668060936154,156
5,0.7071067811865475,0.7071067811865475,1,1e-12,3.3957976910913286,156
