epsilon,terminal_projection_orbit_error,frozen_error,fit_selected,nfev
0.015,1.992821270116692e-06,1.992821270116692e-06,1,3614
0.020976502417454725,3.88777322634455e-06,3.887773226628384e-06,1,3715
0.02933424357796562,7.577220346325774e-06,7.577220346384247e-06,1,3722
0.04102198875516012,1.474762123988111e-05,1.4747621239674567e-05,1,3644
0.05736652308609447,2.864774029535463e-05,2.8647740295647177e-05,1,3675
0.08022326734642893,5.54960053922401e-05,5.549600539267364e-05,1,3623
0.11218690409523223,0.0001070842931662786,0.00010708429316555111,1,3671
0.15688592433069348,0.0002054652253239019,0.00020546522532346843,1,3761
0.2193945313991608,0.0003910220930016197,0.0003910220930017073,0,3804
0.3068086612180563,0.0007353178403165433,0.0007353178403164766,0,3909
0.42905150824910737,0.0013586024434332868,0.0013586024434329772,0,4042
0.6,0.002445513953645143,0.0024455139536451453,0,4223
