graph,N,lambda2,k0,predicted_rho,fitted_rho,frozen_fitted_rho,error,t_initial,t_final,fit_points,fit_s_min,fit_s_max,nfev
path,6,0.2679491924311227,2.2392304845413262,0.6,0.5985490881577789,0.5985490881577801,-0.0014509118422211253,1.6,1.99996,272,0.0002009250123434681,0.02987986927210513,4237
path,6,0.2679491924311227,3.7320508075688776,1.0,0.9985998476636084,0.9985998476635926,-0.001400152336391569,1.6,1.99996,272,0.0002009250123434681,0.02987986927210513,2754
path,6,0.2679491924311227,5.224871130596428,1.4,1.3986661993340037,1.3986661993339613,-0.0013338006659961987,1.6,1.99996,272,0.0002009250123434681,0.02987986927210513,3453
ring,6,0.9999999999999991,0.6000000000000005,0.6,0.5992635676415773,0.5992635676415764,-0.0007364323584226895,1.6,1.99996,272,0.0002009250123434681,0.02987986927210513,3376
ring,6,0.9999999999999991,1.0000000000000009,1.0,0.9991329584047383,0.9991329584047428,-0.0008670415952617416,1.6,1.99996,272,0.0002009250123434681,0.02987986927210513,2077
ring,6,0.9999999999999991,1.4000000000000012,1.4,1.3991637581683585,1.3991637581683094,-0.0008362418316414377,1.6,1.99996,272,0.0002009250123434681,0.02987986927210513,2620
complete,6,5.999999999999999,0.1,0.6,0.5991916824898694,0.5991916824898808,-0.0008083175101305518,1.6,1.99996,272,0.0002009250123434681,0.02987986927210513,3212
complete,6,5.999999999999999,0.16666666666666669,1.0,0.999363536013666,0.9993635360136622,-0.0006364639863339905,1.6,1.99996,272,0.0002009250123434681,0.02987986927210513,1396
complete,6,5.999999999999999,0.23333333333333336,1.4,1.3994543333985847,1.399454333398653,-0.0005456666014151956,1.6,1.99996,272,0.0002009250123434681,0.02987986927210513,2134
