sigma,W,theta_exact,K_exact,rms_exact,rms_leading,rms_refined,relative_excess_over_leading,one_over_W,relative_error_refined,scaled_refined_remainder_W2,predicted_local_slope
1e-16,74.72383414868602,15.567465447642926,242.34598046355634,1.2218815598905013e-15,1.2058506884276085e-15,1.221988119036806e-15,0.01329424249348543,0.013382610935223062,-8.720145854501649e-05,0.4869025452044738,0.973588236484791
3.1622776601683793e-16,72.4521222015644,15.094192125325918,227.83463591625096,3.747990522681215e-15,3.697306878658446e-15,3.7483379149664285e-15,0.013708260008203466,0.013802218204429735,-9.267902016696361e-05,0.4865009084194184,0.9727713789601384
1e-15,70.1813800346774,14.621120840557793,213.77717463419344,1.1485712210858127e-14,1.1325471503673304e-14,1.148684580976528e-14,0.01414870075235708,0.014248793618847176,-9.86867000677405e-05,0.48607404858901154,0.9719027644725957
3.1622776601683794e-15,67.91167008442365,14.148264600921596,200.17339121769115,3.5162636545180324e-14,3.465602901813978e-14,3.51663393812196e-14,0.014618164325040706,0.014725009689157416,-0.00010529489575628048,0.4856195257677603,0.97097733957761
1e-14,65.64306098481325,13.675637705169425,187.02306664305166,1.0753266918110206e-13,1.0593103416177481e-13,1.0754477722269457e-13,0.015119601465244603,0.015233902639478582,-0.00011258604932007366,0.48513457624472156,0.9699893736805432
3.1622776601683796e-14,63.375628412235855,13.2032559192158,174.3259668683071,3.2847586532466605e-13,3.2341239945460394e-13,3.2851550308540224e-13,0.01565637519959351,0.0157789362417893,-0.00012065719993092916,0.48461605718588624,0.968932342109458
1e-13,61.10945607870384,12.73113668306329,162.08184124283977,1.0021571180033073e-12,9.8614960703589e-13,1.0022870376450877e-12,0.0162323351885032,0.016364079541341097,-0.0001296231886681598,0.48406037960686177,0.9677987841744156
3.162277660168379e-13,58.84463690592145,12.25929935540027,150.29042068531746,3.0535074463645906e-12,3.0029028024761462e-12,3.0539338387841287e-12,0.016851908708705565,0.016993902122274314,-0.00013962071284023825,0.4834634266170645,0.9665801297592616
1e-12,56.58127442103921,11.78776550438307,138.95141558632346,9.290736823734075e-12,9.130763897494856e-12,9.29213820358683e-12,0.017520212770270938,0.017673691698046296,-0.0001508134965335639,0.48282045310914373,0.9652664860215523
3.1622776601683794e-12,54.31948442611056,11.316559255439444,128.06451338187213,2.8225493413398105e-11,2.7719795819797586e-11,2.8230106182877415e-11,0.018243193308060013,0.018409600359154274,-0.00016339894187533677,0.4821259617418467,0.9638463731043739
1e-11,52.05939700803809,10.845707710007,117.62937573090528,8.560902543892872e-11,8.401049067738821e-11,8.562423373830796e-11,0.019027799369475185,0.01920882794408083,-0.00017761676473171395,0.48137354852516795,0.9623063941021227
3.1622776601683794e-11,49.80115897554754,10.37524145323619,107.64563521295062,2.591933476982764e-10,2.5414047518607936e-10,2.592435788168777e-10,0.019882202976512886,0.02007985397470372,-0.00019376031927387238,0.4805557089940613,0.9606308194471966
1e-10,47.544936836425016,9.905195174246355,98.11289143991328,7.832243207242237e-10,7.672531190164902e-10,7.833905496256876e-10,0.020816079220644212,0.021032733799614227,-0.00021219160933627634,0.47966359291333177,0.9588010587646016
3.1622776601683795e-10,45.290920464762095,9.435608430131587,89.03070644677028,2.361722379435186e-09,2.3112426066592394e-09,2.3622736429672222e-09,0.02184096668627622,0.022079480605346376,-0.00023336142012053696,0.4786866913737062,0.9567949831215291
1e-09,43.03932765851214,8.966526595440087,80.39859918673439,7.104983543956294e-09,6.945441635557575e-09,7.106815941649551e-09,0.022970736314583018,0.02323456369798156,-0.000257836661073263,0.4776124347569711,0.9545860460107767
3.1622776601683795e-09,40.790409858635975,8.498002053627882,72.2160389034637,2.131997276089623e-08,2.081576886513555e-08,2.1326079228215383e-08,0.02422220860672475,0.024515566366349814,-0.0002863380208713018,0.47642567399474295,0.952142130054111
1e-08,38.54445940223305,8.030095708021896,64.48243707999168,6.379418952101619e-08,6.220085389725688e-08,6.381459695817664e-08,0.025615976693682985,0.02594406603461315,-0.0003197926200775303,0.4751080129563007,0.9494240146348527
3.162277660168379e-08,36.30181882846159,7.562878920233425,57.197137562111095,1.9028663180203416e-07,1.8525194346810397e-07,1.9035504709890226e-07,0.027177519650675386,0.027546829119646572,-0.00035940889359531436,0.4736369650374601,0.9463833115163279
1e-07,34.062892971806484,7.096436028626987,50.359404308395156,5.655948330830167e-07,5.496875716810507e-07,5.658250022902483e-07,0.028938732148006352,0.029357459474381405,-0.00040678514788150544,0.47198494702512606,0.9429596410767312
3.162277660168379e-07,31.828164901436597,6.630867666142245,43.9684060058907,1.6744778385150999e-06,1.6242242387016771e-06,1.6752552750096601e-06,0.03094006271793659,0.03141871368006089,-0.0004640704650553662,0.47011826894244574,0.9390767042262397
1e-06,29.59821726304583,6.166295197956468,38.023196468341,4.935128276347218e-06,4.776391772383557e-06,4.937766078475532e-06,0.03323356029575586,0.0337858186225468,-0.000534209617546022,0.4679967207775143,0.9346367148515071
3.162277660168379e-06,27.373761361908812,5.702866755217777,32.52268922776814,1.4470427984009669e-05,1.3969114099456272e-05,1.4479424462536101e-05,0.03588730688175201,0.03653133330049125,-0.0006213284616187753,0.4655755894758312,0.9295123415436574
9.999999999999999e-06,25.15567758884643,5.240765583393576,27.46562390008261,4.2177673263120506e-05,4.0594800151735564e-05,4.2208543212655324e-05,0.038992016353534664,0.039752457331675366,-0.0007313673295780143,0.4628151811691971,0.9235347662775573
3.1622776601683795e-05,22.945072891352496,4.780221802724391,22.850520483241628,0.00012208749033979389,0.00011709108478079228,0.00012219418841159059,0.04267110146221165,0.04358234139133541,-0.0008731845039741115,0.4597110079833541,0.9164755100527475
0.0001,20.743364605497604,4.321529269814513,18.675615229863556,0.0003505098804868424,0.00033474460692250254,0.00035088203753170014,0.047096422879755906,0.04820818700429006,-0.001060632933722383,0.45637674892947294,0.9080179155210266
0.00031622776601683794,18.552406423042758,3.8650701479938485,14.93876724891319,0.0009964656248711622,0.0009467485257747497,0.0009977795620827326,0.05251352153490574,0.05390136337019676,-0.0013168612201555074,0.4532528127586725,0.8977108005670865
0.001,16.37468433303445,3.4113512369845402,11.637317262075953,0.0027991053792701353,0.00264245332171858,0.0028038276278105558,0.059282809752595034,0.06106987955685901,-0.001684214997235034,0.45158905058932136,0.8848899950258432
