sigma,rms_envelope,inverse_time_rms_exact,inverse_time_gap_exact,inverse_time_gap_formula,inverse_square_rms_exact,inverse_square_gap_exact,inverse_square_gap_refined,inverse_time_Kopt,inverse_square_Kopt
1e-16,1e-16,3.996725331397968e-12,39967.25331397968,39967.25331397968,1.2218815598905013e-15,12.218815598905014,12.21988119036806,1930788992.7987375,242.34598046355634
3.1622776601683793e-16,3.1622776601683793e-16,9.008354732350273e-12,28486.91892498337,28486.91892498337,3.747990522681215e-15,11.852186700397613,11.853285251260457,980882908.5997161,227.83463591625096
1e-15,1e-15,2.0304236157122382e-11,20304.23615712238,20304.23615712238,1.1485712210858127e-14,11.485712210858125,11.486845809765278,498309905.4176813,213.77717463419344
3.1622776601683794e-15,3.1622776601683794e-15,4.576440628428017e-11,14471.975962364857,14471.975962364857,3.5162636545180324e-14,11.119402001944398,11.120572941513027,253152297.4458425,200.17339121769115
1e-14,1e-14,1.0314994695419701e-10,10314.9946954197,10314.9946954197,1.0753266918110206e-13,10.753266918110207,10.754477722269456,128606887.01018621,187.02306664305166
3.1622776601683796e-14,3.1622776601683796e-14,2.324931627116598e-10,7352.079345849737,7352.079345849738,3.2847586532466605e-13,10.387318908206685,10.388572364259437,65335102.83464517,174.3259668683071
1e-13,1e-13,5.240242220548324e-10,5240.242220548324,5240.2422205483235,1.0021571180033073e-12,10.021571180033073,10.022870376450873,33191656.851748243,162.08184124283977
3.162277660168379e-13,3.162277660168379e-13,1.1811159609916594e-09,3735.0166175122317,3735.0166175122317,3.0535074463645906e-12,9.656038382796542,9.657386754019313,16862085.414519567,150.29042068531746
1e-12,1e-12,2.6621573099025156e-09,2662.1573099025154,2662.157309902516,9.290736823734075e-12,9.290736823734076,9.292138203586832,8566307.063143112,138.95141558632346
3.1622776601683794e-12,3.1622776601683794e-12,6.000326620526844e-09,1897.4698825805667,1897.4698825805667,2.8225493413398105e-11,8.925684726841856,8.927143412629448,4351870.773757812,128.06451338187213
1e-11,1e-11,1.352433960948818e-08,1352.4339609488181,1352.433960948818,8.560902543892872e-11,8.560902543892873,8.562423373830798,2210845.2442677766,117.62937573090528
3.1622776601683794e-11,3.1622776601683794e-11,3.048296758497309e-08,963.9560740959726,963.9560740959724,2.591933476982764e-10,8.196413330905147,8.198001778347129,1123157.5908860983,107.64563521295062
1e-10,1e-10,6.870659415670245e-08,687.0659415670244,687.0659415670244,7.832243207242237e-10,7.832243207242237,7.833905496256876,570588.5462746909,98.11289143991328
3.1622776601683795e-10,3.1622776601683795e-10,1.548601220486449e-07,489.71070440537846,489.71070440537846,2.361722379435186e-09,7.468421920007597,7.47016516835982,289871.42301465495,89.03070644677028
1e-09,1e-09,3.490444795768085e-07,349.04447957680844,349.04447957680844,7.104983543956294e-09,7.104983543956293,7.10681594164955,147261.00344834084,80.39859918673439
3.1622776601683795e-09,3.1622776601683795e-09,7.867231867786789e-07,248.78371582866916,248.7837158286691,2.131997276089623e-08,6.7419673577180514,6.743898392236641,74811.80073247818,72.2160389034637
1e-08,1e-08,1.7732220643214657e-06,177.32220643214657,177.32220643214657,6.379418952101619e-08,6.379418952101619,6.381459695817663,38006.02602031964,64.48243707999168
3.162277660168379e-08,3.162277660168378e-08,3.996725331397967e-06,126.3875522930886,126.38755229308856,1.9028663180203416e-07,6.0173916477625875,6.019555129411582,19307.889927987366,57.197137562111095
1e-07,9.99999999999995e-08,9.008354732350266e-06,90.0835473235031,90.08354732350271,5.655948330830167e-07,5.655948330830195,5.658250022902483,9808.829085997146,50.359404308395156
3.162277660168379e-07,3.1622776601682214e-07,2.0304236157122253e-05,64.20763240645397,64.20763240645117,1.6744778385150999e-06,5.2951638611836,5.297622331242283,4983.09905417675,43.9684060058907
1e-06,9.999999999995e-07,4.576440628427731e-05,45.76440628430019,45.76440628428016,4.935128276347218e-06,4.935128276349686,4.937766078475533,2531.522974458109,38.023196468341
3.162277660168379e-06,3.1622776601525676e-06,0.00010314994695413274,32.61887729022383,32.618877290081045,1.4470427984009669e-05,4.575951114713794,4.578796050997346,1286.0688701002596,32.52268922776814
9.999999999999999e-06,9.999999999499999e-06,0.0002324931627102117,23.249316272183638,23.249316271165974,4.2177673263120506e-05,4.21776732652294,4.220854321265533,653.3510283383129,27.46562390008261
3.1622776601683795e-05,3.162277658587241e-05,0.0005240242220221941,16.571100915164543,16.571100907911106,0.00012208749033979389,3.8607454348059025,3.864119522163787,331.9165684761363,22.850520483241628
0.0001,9.999999950000001e-05,0.0011811159602560161,11.811159661615958,11.811159609916592,0.0003505098804868424,3.5050988223939177,3.5088203753170006,168.62085393514886,18.675615229863556
0.00031622776601683794,0.0003162277502054508,0.0026621572933216045,8.418480957449246,8.418480588958673,0.0009964656248711622,3.1511011422108464,3.1552560189468135,85.66306956434784,14.93876724891319
0.001,0.000999999500000375,0.00600032624680401,6.000329246966383,6.000326620526843,0.0027991053792701353,2.799106778822475,2.8038276278105556,43.51870231656179,11.637317262075953
