sigma,rms_envelope,K_envelope_exact,K_constant_factor,rms_constant_factor,rms_ratio
1.0000000000000001e-09,1.0000000000000001e-09,8.3333333333333325e+17,8.3333333249999988e+08,1.4142135616659884e-09,1.4142135616659883e+00
1.5848931924611109e-09,1.5848931924611109e-09,3.3175597546124883e+17,5.2579778623349518e+08,2.2413774459151232e-09,1.4142135612524063e+00
2.5118864315095820e-09,2.5118864315095820e-09,1.3207443270509259e+17,3.3175597462791413e+08,3.5523438541202658e-09,1.4142135605969233e+00
3.9810717055349690e-09,3.9810717055349690e-09,5.2579778706682864e+16,2.0932386845913187e+08,5.6300855875404545e-09,1.4142135595580523e+00
6.3095734448019429e-09,6.3095734448019429e-09,2.0932386929246432e+16,1.3207443187175925e+08,8.9230843102776086e-09,1.4142135579115529e+00
1.0000000000000000e-08,1.0000000000000000e-08,8.3333333333333330e+15,8.3333332500000000e+07,1.4142135553020273e-08,1.4142135553020272e+00
1.5848931924611139e-08,1.5848931924611136e-08,3.3175597546124755e+15,5.2579777873349421e+07,2.2413774299295802e-08,1.4142135511662082e+00
2.5118864315095821e-08,2.5118864315095811e-08,1.3207443270509260e+15,3.3175596712791413e+07,3.5523438139663855e-08,1.4142135446113762e+00
3.9810717055349690e-08,3.9810717055349663e-08,5.2579778706682862e+14,2.0932386095913187e+07,5.6300854866784706e-08,1.4142135342226683e+00
6.3095734448019296e-08,6.3095734448019164e-08,2.0932386929246519e+14,1.3207442437175952e+07,8.9230840569237417e-08,1.4142135177576769e+00
9.9999999999999995e-08,9.9999999999999493e-08,8.3333333333333344e+13,8.3333325000000000e+06,1.4142134916624184e-07,1.4142134916624256e+00
1.5848931924611141e-07,1.5848931924610942e-07,3.3175597546124746e+13,5.2579770373349423e+06,2.2413772700741139e-07,1.4142134503042449e+00
2.5118864315095823e-07,2.5118864315095029e-07,1.3207443270509258e+13,3.3175589212791407e+06,3.5523434124276193e-07,1.4142133847559581e+00
3.9810717055349692e-07,3.9810717055346537e-07,5.2579778706682861e+12,2.0932378595913188e+06,5.6300844780587296e-07,1.4142132808689551e+00
6.3095734448019423e-07,6.3095734448006866e-07,2.0932386929246438e+12,1.3207434937175927e+06,8.9230815233856801e-07,1.4142131162192300e+00
9.9999999999999995e-07,9.9999999999949999e-07,8.3333333333333337e+11,8.3333250000000000e+05,1.4142128552664906e-06,1.4142128552671978e+00
1.5848931924611141e-06,1.5848931924591236e-06,3.3175597546124750e+11,5.2579695373349416e+05,2.2413756715200742e-06,1.4142124416865915e+00
2.5118864315095823e-06,2.5118864315016579e-06,1.3207443270509256e+11,3.3175514212791412e+05,3.5523393970424405e-06,1.4142117862067427e+00
3.9810717055349691e-06,3.9810717055034214e-06,5.2579778706682869e+10,2.0932303595913187e+05,5.6300743918712569e-06,1.4142107473443042e+00
6.3095734448019432e-06,6.3095734446763485e-06,2.0932386929246433e+10,1.3207359937175925e+05,8.9230561880444473e-06,1.4142091008661137e+00
9.9999999999999991e-06,9.9999999994999990e-06,8.3333333333333349e+09,8.3332500000000015e+04,1.4142064913229607e-05,1.4142064913936712e+00
1.5848931924611141e-05,1.5848931922620604e-05,3.3175597546124744e+09,5.2578945373349416e+04,2.2413596860423831e-05,1.4142023557078771e+00
2.5118864315095822e-05,2.5118864307171354e-05,1.3207443270509257e+09,3.3174764212791408e+04,3.5522992434402910e-05,1.4141958012114908e+00
3.9810717055349776e-05,3.9810717023801912e-05,5.2579778706682634e+08,2.0931553595913141e+04,5.6299735309903776e-05,1.4141854133459455e+00
6.3095734448019429e-05,6.3095734322425110e-05,2.0932386929246435e+08,1.3206609937175925e+04,8.9228028385886706e-05,1.4141689504701400e+00
1.0000000000000000e-04,9.9999999500000007e-05,8.3333333333333328e+07,8.3325000000000000e+03,1.4141428534628317e-04,1.4141428605335460e+00
1.5848931924611142e-04,1.5848931725557562e-04,3.3175597546124741e+07,5.2571445373349416e+03,2.2411998375365354e-04,1.4141015157018040e+00
2.5118864315095823e-04,2.5118863522649262e-04,1.3207443270509258e+07,3.3167264212791411e+03,3.5518977323856232e-04,1.4140360009452402e+00
3.9810717055349773e-04,3.9810713900563423e-04,5.2579778706682641e+06,2.0924053595913142e+03,5.6289650215842672e-04,1.4139321981625159e+00
6.3095734448019429e-04,6.3095721888591018e-04,2.0932386929246434e+06,1.3199109937175924e+03,8.9202697398117650e-04,1.4137677599699086e+00
1.0000000000000000e-03,9.9999950000037498e-04,8.3333333333333337e+05,8.3250000000000000e+02,1.4135066324570250e-03,1.4135073392101647e+00
