profile,n,rho,T,I_total,I_over_T
inverse_time,1,1.2,1.0,4.5454545454545453e-01,4.5454545454545453e-01
inverse_time,2,1.2,1.0,2.9411764705882354e-01,2.9411764705882354e-01
inverse_time,3,1.2,1.0,2.1739130434782611e-01,2.1739130434782611e-01
inverse_time,4,1.2,1.0,1.7241379310344829e-01,1.7241379310344829e-01
inverse_time,5,1.2,1.0,1.4285714285714285e-01,1.4285714285714285e-01
inverse_square,1,1.2,1.0,3.6887856172625827e-01,3.6887856172625827e-01
inverse_square,2,1.2,1.0,2.4759516974380757e-01,2.4759516974380757e-01
inverse_square,3,1.2,1.0,1.8834296325287742e-01,1.8834296325287742e-01
inverse_square,4,1.2,1.0,1.5254128037307763e-01,1.5254128037307763e-01
inverse_square,5,1.2,1.0,1.2839422459667865e-01,1.2839422459667865e-01
