case,T,sigma,rho_star,K_opt,K_leading,K_ratio,MSE_opt,MSE_leading,MSE_ratio
single,0.5,0.001,1.2,80.94193327245848,80.94194617836015,0.9999998405536031,4.2857549856734905e-05,4.285755669021793e-05,0.9999998405536024
single,0.5,1e-06,1.2,4708.466932967525,4708.46693296825,0.999999999999846,2.4930632142079696e-09,2.4930632142083663e-09,0.9999999999998409
single,0.5,1e-09,1.2,273895.8217041433,273895.82170415483,0.9999999999999579,1.4502376406953664e-13,1.4502376406953666e-13,0.9999999999999998
single,0.5,1e-12,1.2,15932770.095871022,15932770.095871048,0.9999999999999983,8.436164805221342e-18,8.43616480522134e-18,1.0000000000000002
single,1.0,0.001,1.2,49.62286628918513,49.6228702452787,0.999999920276809,2.6274569682739265e-05,2.6274571777431967e-05,0.9999999202768091
single,1.0,1e-06,1.2,2886.607682424585,2886.6076824247957,0.9999999999999271,1.5284158366951157e-09,1.5284158366952375e-09,0.9999999999999203
single,1.0,1e-09,1.2,167916.605207387,167916.60520738692,1.0000000000000004,8.890934511318325e-14,8.890934511318323e-14,1.0000000000000002
single,1.0,1e-12,1.2,9767862.282099288,9767862.282098679,1.0000000000000624,5.1719378055825075e-18,5.171937805582506e-18,1.0000000000000002
single,2.3,0.001,1.2,27.564147784061667,27.564148739497227,0.9999999653377447,1.4594806303147638e-05,1.4594806809036556e-05,0.9999999653377448
single,2.3,1e-06,1.2,1603.4317063410979,1603.4317063411452,0.9999999999999705,8.489932414273745e-10,8.489932414274037e-10,0.9999999999999657
single,2.3,1e-09,1.2,93273.08676200923,93273.08676201008,0.9999999999999909,4.938671223404784e-14,4.938671223404784e-14,1.0
single,2.3,1e-12,1.2,5425780.642672709,5425780.642672712,0.9999999999999994,2.8728701552298626e-18,2.8728701552298618e-18,1.0000000000000002
repeated_slowest,0.5,0.001,0.8,183.32380343746524,183.31028075093562,1.0000737693842061,0.00024750254043811063,0.0002474939633794272,1.0000346556278237
repeated_slowest,0.5,1e-06,0.8,37228.8081200561,37228.80792700692,1.0000000051854783,5.026398525213544e-08,5.0263985129483e-08,1.0000000024401654
repeated_slowest,0.5,1e-09,0.8,7560864.202425933,7560864.202423621,1.0000000000003058,1.0208201309637801e-11,1.0208201309636071e-11,1.0000000000001694
repeated_slowest,0.5,1e-12,0.8,1535549233.7969966,1535549233.7969956,1.0000000000000007,2.0732015917482656e-15,2.07320159174827e-15,0.9999999999999979
repeated_slowest,1.0,0.001,0.8,119.66232268738707,119.6568579154079,1.0000456703616858,0.00016155659940169712,0.00016155313215220266,1.0000214619763064
repeated_slowest,1.0,1e-06,0.8,24301.32219823568,24301.32212024961,1.0000000032091287,3.281011032957391e-08,3.2810110280025985e-08,1.000000001510142
repeated_slowest,1.0,1e-09,0.8,4935398.330530686,4935398.3305296935,1.0000000000002012,6.6634631111539386e-12,6.663463111153242e-12,1.0000000000001046
repeated_slowest,1.0,1e-12,0.8,1002338743.5656377,1002338743.5656567,0.9999999999999811,1.3532944648689786e-15,1.353294464868981e-15,0.9999999999999982
repeated_slowest,2.3,0.001,0.8,71.67158280741049,71.6697433434791,1.0000256658367335,9.676512832289074e-05,9.676396087442802e-05,1.0000120649098296
repeated_slowest,2.3,1e-06,0.8,14555.534490440668,14555.534464199152,1.0000000018028548,1.965196333751372e-08,1.9651963320841235e-08,1.0000000008483876
repeated_slowest,2.3,1e-09,0.8,2956109.1425031014,2956109.142502821,1.0000000000000948,3.991151859367235e-12,3.991151859367003e-12,1.0000000000000582
repeated_slowest,2.3,1e-12,0.8,600361414.6826582,600361414.6826565,1.0000000000000029,8.105700638895133e-16,8.105700638895147e-16,0.9999999999999982
unexcited_slower_noisy,0.5,0.001,1.1,103.3996090371852,103.40177448528794,0.9999790579212637,6.0252183678738674e-05,6.02568641544487e-05,0.9999223246052428
unexcited_slower_noisy,0.5,1e-06,1.1,7754.039027633606,7754.039192121791,0.9999999787867742,4.51862699867343e-09,4.518627350195348e-09,0.9999999222060394
unexcited_slower_noisy,0.5,1e-09,1.1,581470.9088985667,581470.9089109044,0.999999999978782,3.3884924837791435e-13,3.3884924840427483e-13,0.9999999999222059
unexcited_slower_noisy,0.5,1e-12,1.1,43604166.74875634,43604166.748756714,0.9999999999999915,2.5410108921500107e-17,2.541010892150204e-17,0.999999999999924
unexcited_slower_noisy,1.0,0.001,1.1,64.20419755524678,64.20515071340775,0.9999851544907165,3.7413173122669855e-05,3.741522874062641e-05,0.9999450593240842
unexcited_slower_noisy,1.0,1e-06,1.1,4814.707000707018,4814.707072930207,0.9999999849994635,2.805746183003553e-09,2.805746337344499e-09,0.9999999449911262
unexcited_slower_noisy,1.0,1e-09,1.1,361052.0953568195,361052.09536223795,0.9999999999849927,2.1040129311146476e-13,2.1040129312303863e-13,0.9999999999449914
unexcited_slower_noisy,1.0,1e-12,1.1,27075087.55794873,27075087.55794919,0.9999999999999831,1.577787113490188e-17,1.5777871134902718e-17,0.9999999999999469
unexcited_slower_noisy,2.3,0.001,1.1,36.21410204908813,36.21445739447945,0.9999901877477426,2.1103028216380805e-05,2.1103792952380133e-05,0.9999637631016826
unexcited_slower_noisy,2.3,1e-06,1.1,2715.7011625616738,2715.701189423708,0.9999999901086193,1.5825611555915518e-09,1.5825612129940937e-09,0.9999999637280749
unexcited_slower_noisy,2.3,1e-09,1.1,203648.85962058438,203648.85962261012,0.9999999999900527,1.1867534894953727e-13,1.1867534895384174e-13,0.9999999999637289
unexcited_slower_noisy,2.3,1e-12,1.1,15271510.056814538,15271510.056815352,0.9999999999999467,8.89939569709913e-18,8.899395697099435e-18,0.9999999999999657
disjoint_bias_and_noise,0.5,0.001,0.7,335.19153685049054,335.19153685686894,0.9999999999809709,0.0004552298151804281,0.00045522981518421806,0.9999999999916747
disjoint_bias_and_noise,0.5,1e-06,0.7,105996.87088799753,105996.8708879983,0.9999999999999927,1.439563074799633e-07,1.4395630747996328e-07,1.0000000000000002
disjoint_bias_and_noise,0.5,1e-09,0.7,33519153.68568485,33519153.685686912,0.9999999999999384,4.5522981518421836e-11,4.5522981518421817e-11,1.0000000000000004
disjoint_bias_and_noise,0.5,1e-12,0.7,10599687088.79983,10599687088.799835,0.9999999999999994,1.4395630747996337e-14,1.4395630747996334e-14,1.0000000000000002
disjoint_bias_and_noise,1.0,0.001,0.7,223.7135110872606,223.71351108852633,0.9999999999943422,0.00030382945005642467,0.0003038294500571767,0.9999999999975249
disjoint_bias_and_noise,1.0,1e-06,0.7,70744.4238393076,70744.4238393078,0.9999999999999971,9.607930824170543e-08,9.607930824170543e-08,1.0
disjoint_bias_and_noise,1.0,1e-09,0.7,22371351.108852513,22371351.108852644,0.9999999999999942,3.038294500571769e-11,3.0382945005717676e-11,1.0000000000000004
disjoint_bias_and_noise,1.0,1e-12,0.7,7074442383.930773,7074442383.930784,0.9999999999999983,9.607930824170548e-15,9.607930824170543e-15,1.0000000000000004
disjoint_bias_and_noise,2.3,0.001,0.7,137.62087335319924,137.62087335338043,0.9999999999986834,0.00018690544913389605,0.00018690544913400374,0.9999999999994238
disjoint_bias_and_noise,2.3,1e-06,0.7,43519.541337825314,43519.54133782569,0.9999999999999913,5.910469263601975e-08,5.9104692636019735e-08,1.0000000000000002
disjoint_bias_and_noise,2.3,1e-09,0.7,13762087.335338065,13762087.33533805,1.000000000000001,1.8690544913400384e-11,1.869054491340038e-11,1.0000000000000002
disjoint_bias_and_noise,2.3,1e-12,0.7,4351954133.782563,4351954133.782571,0.9999999999999982,5.910469263601978e-15,5.910469263601977e-15,1.0000000000000002
