rho,T,eta0,sigma,W,x,K_opt,relative_cap_error,normalized_cap_remainder,RMS_log_slope,ratio_log_slope
0.35,0.4,0.2,1e-3,9.81881060371669168943314,9.814822872848344596625432,122.8708520731977452618795,-0.000812098584476715629259584,1.080924270743378502567208,0.8297626719861074224511617,-0.1701748319198984521816738
0.35,0.4,0.2,1e-6,22.7922026677162790608985,22.79219379043198115126494,662.6072675773037759269163,-0.0000007789753977299344031144674,1.579697621037437512714885,0.9193286256185876981964209,-0.0806713743189123018074853
0.35,0.4,0.2,1e-12,49.64474963547939959991322,49.64474963546444977901747,3143.623936693810738800921,-6.022719826575338202051716e-13,1.802546165755373970787466,0.9612738949428774722844271,-0.03872610505712252771551043
0.35,0.4,0.2,1e-24,104.1657015889931775866021,104.165701588993177586602,13839.91503511119362495503,-4.393953578307326353018512e-25,1.904911964177428954423124,0.981161524201641486089405,-0.01883847579835851391059497
0.8,2.3,-1.5,1e-3,16.78812337367648865237531,16.78796071322722728549959,11.96652619348084382866971,-0.00001937794447070942806365593,1.438151142194534921132079,0.8935279388455165296973353,-0.1064718679178058348780532
0.8,2.3,-1.5,1e-6,30.02236308584802691254547,30.02236283210237428308822,38.27030698125008899316794,-1.690377608395211303320351e-8,1.677652139646086553182088,0.9375436293484134946960519,-0.06245637065139326858897229
0.8,2.3,-1.5,1e-12,57.01206385000224206640029,57.01206385000186113740601,138.0084674098458320766495,-1.336310137035278884364398e-14,1.827622061062232843400162,0.9661086247536699159127516,-0.03389137524633008408724816
0.8,2.3,-1.5,1e-24,111.6024261840795837961063,111.6024261840795837961063,528.8341342634567039451766,-9.987843893589776889815356e-27,1.911191966826254221062466,0.9823947421971496324292568,-0.01760525780285036757074319
1.2,1.0,1.0,1e-3,16.37468433303444741702829,16.37448593752579411264136,11.63731726207595419165291,-0.00002423183283894888709769435,1.426516256752794175831713,0.8911272050448844889348373,-0.1088717949561155100651637
1.2,1.0,1.0,1e-6,29.59821726304582723232207,29.59821695019104928070046,38.02319646834100428023714,-2.114010945441522746581599e-8,1.673185148631332289119158,0.9367052673465020421928221,-0.06329473265249795780717891
1.2,1.0,1.0,1e-12,56.58127442103920779791891,56.58127442103873564551497,138.9514155863234509383036,-1.668935204331594481326748e-14,1.826332430108916773364138,0.9658593975674465492750402,-0.03414060243255345072495881
1.2,1.0,1.0,1e-24,111.1679525985243465223785,111.1679525985243465223785,536.3851425758574656377466,-1.245754143641157689955011e-26,1.910847976018672935158621,0.9823271522186566535154581,-0.01767284778134334648454191
2.8,2.0,0.7,1e-3,20.19221867403142786248349,20.19218620243394708948683,1.625176911805500102318464,-0.000003216246009989105619280928,1.57477269168464884323267,0.909874783135087931341449,-0.09012419645779003510960564
2.8,2.0,0.7,1e-6,33.50143817939425801834591,33.5014381339718146111363,4.47363822163720065303492,-2.711671250242320832364595e-9,1.710193913352505417594385,0.9436642512341548698684019,-0.05633574876482472196833386
2.8,2.0,0.7,1e-12,60.54073128113473236090995,60.54073128113466675454043,14.60929585480930145312201,-2.16734645026587991999104e-15,1.837505993346004789648294,0.9680208408339568705714519,-0.03197915916604312942854704
2.8,2.0,0.7,1e-24,115.1597694322271947157116,115.1597694322271947157116,52.86101919516792484366662,-1.636797315643105914258002e-27,1.913911674851985245222921,0.98292929382080314142349,-0.01707070617919685857650999
