profile,eta0,K,alpha,worst_case,nbar
1,-1.0,0.5,0.30119421191220214,0.5108359483385415,0.3
1,-1.0,1.0,0.1311023954208499,0.3917716767945949,0.3
1,-1.0,5.0,0.01900407001209276,0.3133028490084649,0.3
1,-1.0,50.0,0.001199075754914572,0.30083935302844017,0.3
1,0.0,0.5,0.30119421191220214,0.20964173642633935,0.3
1,0.0,1.0,0.1311023954208499,0.260669281373745,0.3
1,0.0,5.0,0.01900407001209276,0.29429877899637213,0.3
1,0.0,50.0,0.001199075754914572,0.2996402772735256,0.3
1,0.1,0.5,0.30119421191220214,0.23976115761755956,0.3
1,0.1,1.0,0.1311023954208499,0.27377952091583,0.3
1,0.1,5.0,0.01900407001209276,0.29619918599758144,0.3
1,0.1,50.0,0.001199075754914572,0.29976018484901706,0.3
1,0.3,0.5,0.30119421191220214,0.3,0.3
1,0.3,1.0,0.1311023954208499,0.3,0.3
1,0.3,5.0,0.01900407001209276,0.3,0.3
1,0.3,50.0,0.001199075754914572,0.3,0.3
1,1.0,0.5,0.30119421191220214,0.5108359483385415,0.3
1,1.0,1.0,0.1311023954208499,0.3917716767945949,0.3
1,1.0,5.0,0.01900407001209276,0.3133028490084649,0.3
1,1.0,50.0,0.001199075754914572,0.30083935302844017,0.3
2,-1.0,0.5,0.30119421191220214,0.5108359483385415,0.3
2,-1.0,1.0,0.11145743055843378,0.3780202013909036,0.3
2,-1.0,5.0,0.0016791519840527501,0.30117540638883694,0.3
2,-1.0,50.0,1.2533888086068347e-10,0.30000000008773725,0.3
2,0.0,0.5,0.30119421191220214,0.20964173642633935,0.3
2,0.0,1.0,0.11145743055843378,0.2665627708324698,0.3
2,0.0,5.0,0.0016791519840527501,0.29949625440478417,0.3
2,0.0,50.0,1.2533888086068347e-10,0.29999999996239834,0.3
2,0.1,0.5,0.30119421191220214,0.23976115761755956,0.3
2,0.1,1.0,0.11145743055843378,0.2777085138883132,0.3
2,0.1,5.0,0.0016791519840527501,0.2996641696031894,0.3
2,0.1,50.0,1.2533888086068347e-10,0.2999999999749322,0.3
2,0.3,0.5,0.30119421191220214,0.3,0.3
2,0.3,1.0,0.11145743055843378,0.29999999999999993,0.3
2,0.3,5.0,0.0016791519840527501,0.3,0.3
2,0.3,50.0,1.2533888086068347e-10,0.3,0.3
2,1.0,0.5,0.30119421191220214,0.5108359483385415,0.3
2,1.0,1.0,0.11145743055843378,0.3780202013909036,0.3
2,1.0,5.0,0.0016791519840527501,0.30117540638883694,0.3
2,1.0,50.0,1.2533888086068347e-10,0.30000000008773725,0.3
