case,rho,T,eta0,sigma,K1,K2,gap1,gap1_relative_error,gap2,W,gap2_scaled_remainder,gap2_log_slope,envelope_alpha,envelope_mass,envelope_peak
0,0.3,0.7,-1.5,1e-3,22680.5724405748271732321323801696940243322777543804926012569112341354506614751218235513103,189.260666892098593373821500851056394101866483855514231034383045908274476974959007529823395,64.593146466222107207718044131271346014748608962249373802936736377506333427557228114925373,0.000000306299549103991508799609325613533433225403182949670485610534340208950552415397198565131868,4.76938442222102774190160474479558566472433503030448668761976572134157937285540333213848305,13.8127869914332695432151278383575030680529501279179752145055064319448482772225091440303795,-0.488832325652508759140061268218730726155345793574171372123659760787214282202056069888684655,-0.126590676379878232990433815946179784943365800866652603420020469598289240765873035025047022,0.000000634920231796678224331286138865943577178681156392916575925983539058070439320355987075563762,47.5658882172076794925508337489442571282189157743807349139318077782533972311342109575042349,7500000.0
0,0.3,0.7,-1.5,1e-6,127542234.47000763051344521029645172346252283049872073003514481874343144204215385946935242,721.049126210708793819787466871556659834173874047030229738307646554845255390260416293431181,4843.80116610568455220241581562691620461478796110601311238488154438950407299231136590057779,0.000000000000306299603174549103974995686077258510854863254808412909324162952968438021030744939999323356,9.01813306724792295340588318040026779534321072233840037857124023395473496887331485497555098,26.9595545430946343755074945912598074453450693760420928543958095251420933683782449198103017,-0.482338685934903301211025916439461708150414524241824145640789848596845835720654642326263567,-0.0690619274677514018978728711446421179690555878752638398089457275510202807713852793739159735,0.000000000000634920634920231796422272868700684271194475756018289221742210610017941453580940989553281942,93.6175879606892650463140180308613762770077798805941569941614119846826119513021145208667616,7500000000000.0
0,0.3,0.7,-1.5,1e-12,4033239587924715.49010845580211573566324853801654887012148752374922989717569001022779721659,2881.91999954987990773882908314922385421053384982562982038545663556777651501330828157872209,27238695.6670559451853436640197555808831416609553290549050582479365498608854967365771887762,0.000000000000000000000000306299603174603174603174549103974995669564121945090839163272766146861229711568225512176751,17.7152565080538730421810904124695316088052267932371911132332360717880112882636784271822373,53.8978233284654339722200748713086674429262300384242013176341456205167005773284723991339594,-0.49093289848727856463339481222249424690863436175440456846868858221946342454574122457295053,-0.0357795685218653032828931908398529635816751774082607927738550202905130695484206882783682957,0.000000000000000000000000634920634920634920634920231796422272612748803225249653065223737937267793492283768111912421,185.72099168044897600491727689010963232747106816629687130327519048104890100242877672994075,7500000000000000000000000.0
0,0.3,0.7,-1.5,1e-24,4033239587924715490108455892143.40503656808020646967114631158454941857474243413093237213656,11670.3323616739561941117855538219415952139370551403414239725481331084693026081126016212697,861363188000562.468107368378191690874434169915232554891050630527161460365387275427730068042,3.06299603174603174603174603174603174603176187650578638363008536947978463752513639318698882e-49,35.3267724232460199624483841468881061754385770847705483974235069193997233676537450428511906,108.460568966640350386470009191961685828267610131506091386599389035368949377486455733702441,-0.495442482837394823019000365236372453941509063228626791945130139680013098159339840629347408,-0.0181060084943436372948309721907321871874316634898648695593281657473172418508346939359830071,6.34920634920634920634920634920634920634920634920231796422272612748803224993701184177374654e-49,369.92779911997263072635659114845665253344278514019938125962916926207442926906794992111889,7500000000000000000000000000000000000000000000000.0
1,0.8,2.0,0.6,1e-3,85.0345892790063083222614252060516605419593508288056428154108813747167830027564865703943753,10.8876635030715177837077729974939048149151946010718427305915272434503727294939468967980026,10.0975746559637950315984555176932268057654711950474268249396114328655019047617450888598622,0.000000628697928991218664710687146902236676761635410505877765725289030885842357224476612968864319,3.14262281528260649777038720670049252049212038050742226890766387809359307693829202803464674,14.9328857815964680121317431277272377279628696897758844821367556481566853521120524620009264,-0.482814612105049962774029827000281613366522366007054825482695032802747827579285247202057518,-0.118172199113689990327316797168047545004961601736566059911966284686753548892569349308361481,0.00000138888695987922238996890282096830421068859626583851966872268232960787554461729914264007967,16.8587598498502030384040779756870680205525764947241353856799484022515366641101652485147344,450000.0
1,0.8,2.0,0.6,1e-6,17269.8268461627081390482198434100498915636171894354562310701666117022593249639310933688596,38.5980942635728810102373188364270587251642233986452262516498998818210332363465574031099453,143.900715587987416888823758064648822068658954952201307297898177474673047921909595539472524,0.000000000000628698224851775144889690467640742804364676195036255696330529037085717046570937346301631856,5.75108752547560353873782032217935351049374864423348967516136633994155748622676534606463348,28.1156363447552420278198804280683247446561137094354381864041823741306843970338318973343345,-0.483009177652641876626581786451846284126542329614411595912796100481115641228348908384457615,-0.0664107333078670498104399749686051594477731580088146355741263160453552241570020526216882403,0.00000000000138888888888695987654321255572702331589482357872792385614065566131091575602595706144996395,34.1281463111973763001387366368074240497603421569293388802091247593766448460036180895081143,450000000000.0
1,0.8,2.0,0.6,1e-12,712315834.378301179914508602072232017467728445431915030804256687601333586173619102574792716,148.104420754768542404914118068381742172794070834158787452979506619150169191351746082722199,29225.0498948260685596677586764790095752853361552220126075732148174784036716405262006682982,0.000000000000000000000000628698224852071005917159467452581997984820014861154941607620178314359237657527676503188935,11.0808942014198943044680919739656446663817532114572454628170479205531848322047414170281691,55.0743001504128960944451858412928768404875225819700851392528718330922418878351002505658997,-0.49112231070293417357942878336679567585330618201982067048990546887656759392744067563271318,-0.0350420415972066691998961659740775747233115886771843170561490251609413876364271091915927074,0.00000000000000000000000138888888888888888888888695987654320987654320987922239368998628257887516774667543057460753,68.6669227061063254492975002877056032120432539468089931516008648746972703110714591245256254,450000000000000000000000.0
1,0.8,2.0,0.6,1e-24,1211830361842852763.82342869178680713401957151202357953683208512538419013800960132571661936,587.042463274918320061336068821990430924497679346818012805412559584074280420483356673898499,1205424118.37807980039970188249624600086138286624436872850248852975636071423803007765823217,6.28698224852071005917159763313609467455621629066425978064136863837648998069344697439086395e-49,21.8677891267262938341839483997632497505462905385225647140465105591323167772617953846679908,109.647752589236078673354865513528974203126767348367412414828658355838662045766173746416784,-0.495491273510488354689421337956121155763812144469857734040386933298146681624569090496826152,-0.0179134819431451790958691681407867932006857315053597961524671006725555494224225057268934434,1.38888888888888888888888888888888888888888888888695987654320987654320987654320987654320988e-48,137.744475495927695969837242192125418328965187494564013065316751286440497982991756325386977,450000000000000000000000000000000000000000000000.0
2,1.2,1.0,1.0,1e-3,43.5187023165617849076460925564470298997882420869150565999059833399134149308325863927972727,11.6373172620759541916529123123303695546003798252102796266740550599751197038135541034764631,6.00032924696638295481100818354382375678496357066923478284866162359262953765214409085673692,0.000000437716095584106448884418905065208139229149626614706910642799123537105071527661786124156152,2.79910677882247511383509509152615900595735375091184550159146132082556189337155485563654708,16.3746843330344474170282852952088533801135640107908301741660954260563948439290580357675837,-0.479025526651591184401804853142803235832433966981762140047084997964613065219822832075760334,-0.108871794956152873998756801644140910387717610040677649537682353617099672052750455489267658,0.000000999999000000999999000000999999000000999999000000999999000000999999000000999999000000999999,11.5129262983031450870344015095330988156443964510802686501005018553670393349936046971247224,833333.333333333333333333333333333333333333333333333333333333333333333333333333333333333333
2,1.2,1.0,1.0,1e-6,2531.52297445810787673528829965125700921712187518734965552092954592462187248821821890517628,38.0231964683410042802371413834322336412664671206795815189018252582494545784317188330883197,45.7644062843001904933047522813802440372490541968373513388964563271025940730332364526821644,0.000000000000437716262975611154978987382271775276911280239240494221180138731207565030292313375810801394,4.93512827634968616057715913284857550882989310604346366945146554619145513518134199283126486,29.5982172630458272323220744809958735861508408985537349465395697767844065730672097950492384,-0.483808372649000377100290733320885005035338024788268901557322893188318855582574245691165748,-0.063294732652505729199534757531830192536025723747825365650656792579557142116138868703114217,0.000000000000999999999999000000000000999999999999000000000000999999999999000000000000999999999999,23.02585092994129017351324746351030874295545933073196587144439028745350387441241369124898,833333333333.333333333333333333333333333333333333333333333333333333333333333333333333333333
2,1.2,1.0,1.0,1e-12,8566307.06314310722278174367908501558884174644106604795717726692090788195204547465563662831,138.951415586323450938303635851226819683840869878239145937949251530365911278206771697801889,2662.15730990251512185642603665788292274037215790203305948059750025945229535198634199503029,0.000000000000000000000000437716262975778546712802600774356149950311897606651677074543008038222066985467732691279208,9.2907368237340742321846850855311677490375071042742857179606239639697107394937963447033487,56.5812744210392077979189067928369079542811939112854274870824323171275136943639665892949085,-0.491353672943575983920340876725776757218562041358793473038965177021565445275790667921559165,-0.0341406024325547199922562674964818341020658837078599092010555454386931627966693697788449317,0.000000000000000000000000999999999999999999999999000000000000000000000000999999999999999999999999,46.0517018598809136803598299270206174853553631059083761873332246860181188604914940491643886,833333333333333333333333.333333333333333333333333333333333333333333333333333333333333333333
2,1.2,1.0,1.0,1e-24,98088290859971.5411175167277348891447026982612715423179181714717260177620784717137655260547,536.385142575857465637746635657785895953103314288253260451042938293669261380119155675765718,9008354.73235027021576126581853548451528526466750709883831224876237139046441774908294814699,4.37716262975778546712802768166089965397923355138703267684088245081313084718562958566217108e-49,18.1003061597501057968465346413554235465100332371884230948318635523289221463315459458648446,111.167952598524346522378541521882699281226758433514985679172484456815509414761176905990909,-0.495552245723018270391728596735145896391123871389559761374366674337756202553634903443953328,-0.0176728477813435263901740283730715438631772317655661554426045499054949866783854985721404411,9.99999999999999999999999999999999999999999999999e-49,92.1034037197618273607196581873745683040440595451517523746664493720362377204274325427732215,833333333333333333333333333333333333333333333333.333333333333333333333333333333333333333333
3,2.4,3.0,2.0,1e-3,3.0755364296733974927870594529637226087798245393092327323993033106738453892108596456922912,1.6988343056280105692358846026456021953132665286970149586185237989184087792862533146979175,3.65507885239663615425277405051841809856123461730419499292848653861398817111443898957535392,0.0000000345323013790240049095990354251941146292157960479201392451045617620757519303662313237791568,2.58460419459334725965831827297878041970500286533441066114899428592315345084189966407922238,21.6724335573485148044555629565188065968962033620586065868605635664429498405605609010011644,-0.478901046507400183066539822260303619088124317519819797945613381855794159953972153291383142,-0.0844879284495066050868444163019889433596297720507462968109681217702385491136258024393341773,0.0000000833333263888894675925443672879693926692172775652268695644275362977053085245576229535314205,6.79184053795233511477040092511611948849751667988236639675437424118674680868711571635775142,1666666.66666666666666666666666666666666666666666666666666666666666666666666666666666666667
3,2.4,3.0,2.0,1e-6,33.2968876264265400746975992433645664276078932047527480221038864377645127912547822435098499,4.43282652613990406686990847624883650427602519169582366428974851702756307162277928162002122,12.0264684115060831444808295874583501424493849696857937742852503601525176748410364218099084,0.0000000000000345323028141087511999690049495412268838140608856357620887249502226310897396398365479022963,4.10729259768557691440847279169855016182106664817150450707027114399115211750272107246450027,35.0083972705809031225926875884185839182266101066848615469214566890582284222469206493741446,-0.486209719993705078001638199003107797150377085022027853288903582304675915041905082083153506,-0.0540417903952012012583566967435752743125587156870657307032489570413794379646979855168073574,0.0000000000000833333333333263888888888894675925925925443672839506213027263374482247728052126479355995656,12.5483032357152632715745584441301501846345886260142561136105587567032535251175470328181379,1666666666666.66666666666666666666666666666666666666666666666666666666666666666666666666667
3,2.4,3.0,2.0,1e-12,3902.73584876492119683704718105493513244619996928001998214086371072142521483486397372900808,13.9333299540186322901996396472284250385977842655394124630711240911567757576070967931677842,130.202964810719839711678196184138319906624375654916811605070277440724351589525071022133195,0.0000000000000000000000000345323028141101862861672597619015147837673820981728474488477586890119930073027665081913198,7.19557576751050473893651404273487653758322271750946418355620807498081060686112094342230773,62.066795194266920203498190656569818282037566633501693966904319643252107277132442814173982,-0.492102830739795668956193924308934837594194285296979538306865481277441401125627400436032112,-0.03121741916285364149212631204639312748776129785227638607316775509453809261542575743324722,0.0000000000000000000000000833333333333333333333333263888888888888888888888894675925925925925925925925443672839506173,24.0612287006854569694422935314987304818992749529029755191195979528988063668857341400395643,1666666666666666666666666.66666666666666666666666666666666666666666666666666666666666666667
3,2.4,3.0,2.0,1e-24,53616713.7807991186934713652089916674661601314611011934750635102367998026071406803225778514,49.2559969966846172315487962816860013073397510899240651850479166047490382770451916872339792,15261.1194200315595335653756882955028463014795574907601979043884966397622990370899749711377,3.45323028141101862861672611969877130400311076741735703734443333079259773565928058397019716e-50,13.4298393750755438992240890768718800228782085380927551517659080438669955596389404230882072,116.697463766970372714679575270923119768957312166692107495084896922994617935477403203522002,-0.495760767270913693433056879105140829745996080259831431459624718026917930179062035258161469,-0.0168495596833177930359539097462236879178682572971752811792920860396726053225976924477995578,8.33333333333333333333333333333333333333333333333263888888888888888888888888888888888888889e-50,47.0870796306259138096222080436201503356880676169685192262121362218337917229184378261443923,1666666666666666666666666666666666666666666666666.66666666666666666666666666666666666666667
