graph,N,q,rho,normal_dimension,remainder_over_eps2_at_1e3
path,2,1,1.3441429928210415,1,0.00039999999999982725
ring,2,1,0.9604597245319869,1,0.00039999999999982725
complete,2,1,2.013854769746781,1,0.00039999999999982725
path,2,2,0.8149473742443865,2,0.00040000000000002875
ring,2,2,2.0891704067458106,2,0.0004000000000000118
complete,2,2,1.0878296825760367,2,0.0004000000000000558
path,2,3,1.4185590294721457,3,0.0004000000000000272
ring,2,3,0.9760810997305767,3,0.0003999999999999284
complete,2,3,1.5698998135908713,3,0.0003999999999999801
path,3,1,0.46746949613909755,2,0.08717963850708838
ring,3,1,1.570121735119543,2,0.03522241047670638
complete,3,1,1.6364079132046652,2,1.3454713302669696
path,3,2,0.5532664573825755,4,1.367863353206317
ring,3,2,1.114392951901178,4,1.3725934913782598
complete,3,2,1.9459843898413272,4,1.8374361621898474
path,3,3,0.7172840086102227,6,0.20554318089576412
ring,3,3,1.558265265185813,6,1.115039747285129
complete,3,3,1.4923667109830792,6,0.5187109991119653
path,6,1,0.140106015073576,5,1.4206290746356165
ring,6,1,0.6626883051975682,5,1.260126489521997
complete,6,1,3.317917713433421,5,0.6877137004865426
path,6,2,0.14006540060095243,10,0.41000148443541623
ring,6,2,0.7338508574813071,10,1.6428751012585237
complete,6,2,3.3843110104770697,10,1.7682257882518966
path,6,3,0.23679021867595207,15,1.213127100236463
ring,6,3,0.5083357043639278,15,1.5641871736095683
complete,6,3,2.8815332369370075,15,1.0009442864389266
path,9,1,0.08340891693055813,8,0.2349318656626535
ring,9,1,0.2856045905420831,8,0.5405744803021737
complete,9,1,4.219379796515494,8,0.5499919193362739
path,9,2,0.09570928171769094,16,0.7502706245163279
ring,9,2,0.2567413430934287,16,1.407700026366759
complete,9,2,5.165692418923445,16,0.42480355693076743
path,9,3,0.08300908082906525,24,1.3234016190584377
ring,9,3,0.2893189718466793,24,0.14271822635625384
complete,9,3,5.236460990334563,24,1.1553237142211263
