schedule,rho,T,eta0,sigma,K,J,mean,V_pre,V_cap,variance,mse
inverse_time,0.6,0.7,0.8,0.03,1.4285714285714286,1.0,0.43904930887522114,-9.849386423581521e-21,0.0002695393754052934,0.0002695393754052934,0.19303383499921464
inverse_square,0.6,0.7,0.8,0.03,1.4285714285714286,1.0,0.43904930887522114,0.0,0.0002695393754052934,0.0002695393754052934,0.19303383499921464
inverse_time,0.6,0.7,0.8,0.03,2.428571428571429,1.5306282510621705,0.31933310588118213,7.420364965076722e-05,0.00045821693818899877,0.000532420587839766,0.10250605309956205
inverse_square,0.6,0.7,0.8,0.03,2.428571428571429,1.6076809620810595,0.3049058835367731,3.342248871922404e-05,0.0005185586131597917,0.0005519811018790157,0.09351957891721926
inverse_time,0.6,0.7,0.8,0.03,7.142857142857143,2.6094379124341005,0.1671595892261598,0.0003076550776694474,0.001347696877026467,0.0016553519546959146,0.0295976802249544
inverse_square,0.6,0.7,0.8,0.03,7.142857142857143,3.4721359549995796,0.09961673321719955,6.58515413825753e-05,0.0017967756961463942,0.0018626272375289695,0.011786120774395677
inverse_time,0.6,0.7,0.8,0.03,34.285714285714285,4.178053830347945,0.0652208647641037,0.0015194368345594095,0.006468945009727041,0.00798838184428645,0.012242143044863953
inverse_square,0.6,0.7,0.8,0.03,34.285714285714285,8.797958971132712,0.004078936713390051,1.858270259924567e-05,0.009231239428224687,0.009249822130823933,0.009266459855535774
inverse_time,1.2,1.0,1.0,0.02,1.0,1.0,0.30119421191220214,0.0,0.00021822769121054102,0.00021822769121054102,0.09093618098062306
inverse_square,1.2,1.0,1.0,0.02,1.0,1.0,0.30119421191220214,0.0,0.00021822769121054102,0.00021822769121054102,0.09093618098062306
inverse_time,1.2,1.0,1.0,0.02,1.7,1.5306282510621703,0.15933380079956613,2.182587001661909e-05,0.0003709870750579197,0.0003928129450745388,0.02578007302231036
inverse_square,1.2,1.0,1.0,0.02,1.7,1.6076809620810595,0.1452618715864691,7.485240244253074e-06,0.00039014916974718176,0.00039763440999143485,0.021498645746795275
inverse_time,1.2,1.0,1.0,0.02,5.0,2.6094379124341005,0.04365988792227889,7.652051248382287e-05,0.0010911384560527051,0.001167658968536528,0.0030738447819224817
inverse_square,1.2,1.0,1.0,0.02,5.0,3.4721359549995796,0.015505458651354229,3.8751565643407336e-06,0.001194395814721402,0.0011982709712857426,0.0014386902192745983
inverse_time,1.2,1.0,1.0,0.02,24.0,4.178053830347945,0.006646501875902348,0.00036884104144241744,0.005237464589052984,0.005606305630495401,0.005650481617681774
inverse_square,1.2,1.0,1.0,0.02,24.0,8.797958971132712,2.599644486225192e-05,3.8081311292633993e-08,0.005759954899322557,0.0057599929806338495,0.005759993656448995
inverse_time,2.1,1.8,-0.7,0.015,0.5555555555555556,1.0,-0.08571949977708733,6.3536189557938515e-22,0.0001292818305423123,0.0001292818305423123,0.007477114472576387
inverse_square,2.1,1.8,-0.7,0.015,0.5555555555555556,1.0,-0.08571949977708733,0.0,0.0001292818305423123,0.0001292818305423123,0.007477114472576387
inverse_time,2.1,1.8,-0.7,0.015,0.9444444444444444,1.5306282510621703,-0.02812787303921647,2.5312799098011734e-06,0.0002197791119219309,0.00022231039183173208,0.0010134876335420129
inverse_square,2.1,1.8,-0.7,0.015,0.9444444444444444,1.6076809620810595,-0.023925631086042967,5.573960745768643e-07,0.0002221911111646796,0.00022274850723925645,0.0007951843301046821
inverse_time,2.1,1.8,-0.7,0.015,2.7777777777777777,2.6094379124341005,-0.002919057291949837,7.946533193083418e-06,0.0006464091527115614,0.0006543556859046448,0.0006628765813783303
inverse_square,2.1,1.8,-0.7,0.015,2.7777777777777777,3.4721359549995796,-0.0004769206422154163,4.429469561064037e-08,0.0006561952481264944,0.0006562395428221051,0.0006564669961210762
inverse_time,2.1,1.8,-0.7,0.015,13.333333333333332,4.178053830347945,-0.00010830188620040599,3.815220541143445e-05,0.003102763933015495,0.0031409161384269293,0.003140927867725484
inverse_square,2.1,1.8,-0.7,0.015,13.333333333333332,8.797958971132712,-6.625176768996364e-09,3.3132087458439985e-12,0.00314999999634917,0.0031499999996623786,0.0031499999996624224
