sigma,schedule,K_opt,a_opt,optimized_rms,asymptotic_K_or_status,asymptotic_RMS_or_exponent
1e-09,inverse_time,147261.00344834084,383.7460142442405,3.490444795768085e-07,exact,0.7058823529411765
1e-09,inverse_square,80.39859938222702,8.966526606341333,7.1049835439562945e-09,80.39859918822779,6.945441635557575e-09
1.584893192461111e-09,inverse_time,112315.75908860994,335.13543394963466,4.831224781143658e-07,exact,0.7058823529411765
1.584893192461111e-09,inverse_square,77.07166131311465,8.779046720066743,1.1030419202613642e-08,77.07166100499032,1.0777622915996103e-08
2.511886431509582e-09,inverse_time,85663.07063143107,292.6825424097431,6.687036825288178e-07,exact,0.7058823529411765
2.511886431509582e-09,inverse_square,73.81661465418162,8.591659598365244,1.711733733208108e-08,73.81661454905728,1.6716782303013563e-08
3.981071705534969e-09,inverse_time,65335.10283464519,255.60732155915485,9.255719518017266e-07,exact,0.7058823529411765
3.981071705534969e-09,inverse_square,70.63342104539586,8.404369164035803,2.6551433957172535e-08,70.63342182056226,2.5916762460266116e-08
6.309573444801943e-09,inverse_time,49830.990541768064,223.22856121421395,1.2811106927396674e-06,exact,0.7058823529411765
6.309573444801943e-09,inverse_square,67.5220432456366,8.217179762280766,4.1166048232490634e-08,67.5220431511046,4.016043541761779e-08
1e-08,inverse_time,38006.02602031964,194.9513426994532,1.7732220643214657e-06,exact,0.7058823529411765
1e-08,inverse_square,64.4824374452846,8.030095730767137,6.37941895210162e-08,64.48243709246493,6.220085389725688e-08
1.584893192461114e-08,inverse_time,28987.14230146549,170.256107971096,2.4543675321859455e-06,exact,0.7058823529411765
1.584893192461114e-08,inverse_square,61.51456029647291,7.843121846335992,9.881083512541516e-08,61.514560295278095,9.628631969682517e-08
2.511886431509582e-08,inverse_time,22108.45244267775,148.68911339663623,3.3971605160200948e-06,exact,0.7058823529411765
2.511886431509582e-08,inverse_square,58.618367375208706,7.656263277553137,1.5296766819579252e-07,58.618367376512474,1.4896782756887225e-07
3.981071705534969e-08,inverse_time,16862.085414519566,129.8540927907918,4.702107333259641e-06,exact,0.7058823529411765
3.981071705534969e-08,inverse_square,55.79381073948499,7.46952546949838,2.3667686505646315e-07,55.79381077444303,2.3033961562598577e-07
6.30957344480193e-08,inverse_time,12860.688701018613,113.4049765266878,6.508321661349289e-06,exact,0.7058823529411765
6.30957344480193e-08,inverse_square,53.040840532252794,7.282914288404937,3.6598372160625795e-07,53.040840589618355,3.559433014195831e-07
1e-07,inverse_time,9808.829085997146,99.03953294516865,9.008354732350266e-06,exact,0.7058823529411765
1e-07,inverse_square,50.359404563035376,7.096436046568402,5.655948330830168e-07,50.359404410101725,5.496875716810507e-07
1.584893192461114e-07,inverse_time,7481.180073247792,86.49381523119322,1.2468722230768395e-05,exact,0.7058823529411765
1.584893192461114e-07,inverse_square,47.74944694961799,6.910097463105567,8.735219373816517e-07,47.7494471190078,8.483201812888338e-07
2.5118864315095823e-07,inverse_time,5705.88546274686,75.5373117257085,1.725831616174557e-05,exact,0.7058823529411765
2.5118864315095823e-07,inverse_square,45.21091091744903,6.723905927171277,1.3481957553126985e-06,45.21091068205368,1.3082696085779836e-06
3.981071705534969e-07,inverse_time,4351.870773757727,65.9687105661292,2.388773053294745e-05,exact,0.7058823529411765
3.981071705534969e-07,inverse_square,42.74373296207147,6.537869145376915,2.0793510309608576e-06,42.74373391248154,2.016098999031463e-06
6.309573444801942e-07,inverse_time,3319.165685174656,57.61220083606125,3.306369315910083e-05,exact,0.7058823529411765
6.309573444801942e-07,inverse_square,40.34785167253174,6.351995881022888,3.2046614590275316e-06,40.347852210284266,3.104458337425096e-06
1e-06,inverse_time,2531.522974458109,50.31424226258514,4.576440628427731e-05,exact,0.7058823529411765
1e-06,inverse_square,38.02319665822931,6.166295213353745,4.935128276347219e-06,38.023197272155564,4.776391772383557e-06
1.584893192461114e-06,inverse_time,1930.7889927981323,43.94074410838001,6.334382769868538e-05,exact,0.7058823529411765
1.584893192461114e-06,inverse_square,35.7696955545379,5.980777169778013,7.593774017094921e-06,35.76969676797514,7.342319087482738e-06
2.5118864315095823e-06,inverse_time,1472.61003448225,38.37460142440896,8.767600922419639e-05,exact,0.7058823529411765
2.5118864315095823e-06,inverse_square,33.58727247506545,5.795452741164011,1.1674524256645005e-05,33.58727397890656,1.1276206063581742e-05
3.981071705534969e-06,inverse_time,1123.1575908838813,33.51354339493037,0.0001213548797531562,exact,0.7058823529411765
3.981071705534969e-06,inverse_square,31.475844991361054,5.6103337682673615,1.7931662762768584e-05,31.475847391296266,1.7300726503371517e-05
6.309573444801943e-06,inverse_time,856.6307063100619,29.268254240901726,0.00016797077068404632,exact,0.7058823529411765
6.309573444801943e-06,inverse_square,29.4353264081962,5.425433292207748,2.751549277097191e-05,29.43533023948474,2.651612645461147e-05
9.999999999999999e-06,inverse_time,653.3510283383129,25.560732155756277,0.0002324931627102117,exact,0.7058823529411765
9.999999999999999e-06,inverse_square,27.465623903392505,5.24076558370936,4.2177673263120506e-05,27.465629989322508,4.0594800151735564e-05
1.584893192461114e-05,inverse_time,498.3099054020889,22.32285612107216,0.0003218004566304261,exact,0.7058823529411765
1.584893192461114e-05,inverse_square,25.566638688222515,5.056346377397667,6.458136000875646e-05,25.566647752565224,6.207439838879803e-05
2.5118864315095822e-05,inverse_time,380.06026017332465,19.495134269179186,0.00044541324432474595,exact,0.7058823529411765
2.5118864315095822e-05,inverse_square,23.738264163564672,4.872192952209987,9.87685644755086e-05,23.738277620322478,9.47982297614854e-05
3.9810717055349776e-05,inverse_time,289.8714229574265,17.02561079542894,0.0006165092501426958,exact,0.7058823529411765
3.9810717055349776e-05,inverse_square,21.980385653678155,4.688324397231718,0.000150862645061268,21.98040590124781,0.00014457509262750585
6.309573444801943e-05,inverse_time,221.08452431713891,14.868911335976785,0.0008533281403735087,exact,0.7058823529411765
6.309573444801943e-05,inverse_square,20.29288068039033,4.504762000415819,0.0002301212783863686,20.292910247045867,0.000220164753047542
0.0001,inverse_time,168.62085393514886,12.98540927099138,0.0011811159602560161,exact,0.7058823529411765
0.0001,inverse_square,18.675615217488975,4.321529268382776,0.0003505098804868424,18.675658643950122,0.00033474460692250254
0.00015848931924611142,inverse_time,128.606886607776,11.340497634926608,0.001634816484746653,exact,0.7058823529411765
0.00015848931924611142,inverse_square,17.128444461222504,4.138652493411654,0.0005330446000586763,17.12850824384523,0.0005080838559709304
0.0002511886431509582,inverse_time,98.08829008902929,9.903953255595933,0.0022627963933491537,exact,0.7058823529411765
0.0002511886431509582,inverse_square,15.651211067033033,3.9561611528138023,0.0008092677667504552,15.651304002336342,0.0007697521111747486
0.00039810717055349773,inverse_time,74.81179925549756,8.64938143773863,0.0031320013880559577,exact,0.7058823529411765
0.00039810717055349773,inverse_square,14.243741814121158,3.7740882096370187,0.0012263805733637883,14.24387708284598,0.001163830498556955
0.0006309573444801943,inverse_time,57.05885179785151,7.55373098527155,0.004335092912247888,exact,0.7058823529411765
0.0006309573444801943,inverse_square,12.905846993362792,3.592470875784909,0.0018547853973484062,12.906042975117016,0.0017557884129699157
0.001,inverse_time,43.51870231656179,6.596870645735127,0.00600032624680401,exact,0.7058823529411765
0.001,inverse_square,11.637317253391982,3.4113512357117353,0.0027991053792701353,11.63759926243593,0.00264245332171858
1e-05,power_p3,17.91750058017547,2.6167313792800115,3.3770820445190265e-05,17.917500704770855,0.75
1e-08,power_p3,34.62796870258409,3.2594351055086053,4.6466805357250925e-08,34.627968707813444,0.75
1e-12,power_p3,62.12912220030383,3.960637294133602,6.1860837613509015e-12,62.129121636518164,0.75
