initial_disagreement_scale,terminal_projection_orbit_error
0.015,1.992821270116692e-06
0.020976502417454725,3.887773226628384e-06
0.02933424357796562,7.577220346384247e-06
0.04102198875516012,1.4747621239674567e-05
0.05736652308609447,2.8647740295647177e-05
0.08022326734642893,5.549600539267364e-05
0.11218690409523223,0.00010708429316555111
0.15688592433069348,0.00020546522532346843
0.2193945313991608,0.0003910220930017073
0.3068086612180563,0.0007353178403164766
0.42905150824910737,0.0013586024434329772
0.6,0.0024455139536451453
