K,K_over_Kopt,modal_exact_mse,nonlinear_mc_mse,mc_error95,paired_difference_vs_Kopt,paired_simultaneous_ci95_low,paired_simultaneous_ci95_high,relative_error_percent
1.523875161500004,0.6,0.0001470769978776312,0.00014776493756354402,6.837536167054916e-07,4.41522100283875e-05,4.3548761637938973e-05,4.475565841883602e-05,0.467741180361319
1.9048439518750049,0.75,0.00011512980588705653,0.00011559685376068118,7.035757705718009e-07,1.198412622552419e-05,1.1618338866503595e-05,1.2349913584544785e-05,0.40567068625376945
2.1588231454583386,0.8499999999999999,0.00010670901973276002,0.00010713829697436375,7.373656243858326e-07,3.52556943920762e-06,3.3092036833945254e-06,3.7419351950207146e-06,0.40228768165878015
2.285812742250006,0.9,0.00010460524643645313,0.00010503422832060709,7.585025113791149e-07,1.4215007854509134e-06,1.278150762774279e-06,1.5648508081275478e-06,0.41009595480907296
2.4128023390416726,0.95,0.00010349150558697887,0.00010392962958179246,7.818348145464347e-07,3.169020466363956e-07,2.456127168768679e-07,3.881913763959233e-07,0.42334295199268174
2.4762971374375065,0.9750000000000001,0.00010323800391247216,0.00010368363490018553,7.942130579813116e-07,7.090736502888151e-08,3.535546977638923e-08,1.0645926028137379e-07,0.4316540138563611
2.5143940164750065,0.99,0.0001031702624827474,0.00010362139923357274,8.018437699520688e-07,8.671698416660742e-09,-5.528984417339586e-09,2.287238125066107e-08,0.43727401672626864
2.527092976154173,0.995,0.00010316081704772488,0.00010361386174330402,8.044195948013559e-07,1.1342081473098227e-09,-5.962871816876161e-09,8.231288111495806e-09,0.43916353955353715
2.53979193583334,1.0,0.00010315769945145592,0.00010361272753515607,8.070112130939376e-07,0.0,0.0,0.0,0.44109948759984013
2.552490895512506,1.005,0.0001031607716557665,0.00010361788778421339,8.096191372954943e-07,5.160249057868862e-09,-1.9298977585689768e-09,1.22503958743067e-08,0.4431104198912218
2.565189855191673,1.01,0.00010316989929985706,0.00010362915184119574,8.122425878344012e-07,1.6424306038671068e-08,2.250866566436778e-09,3.059774551090536e-08,0.4451419885599433
2.6032867342291732,1.025,0.00010323232402617655,0.00010369817863922637,8.202009317556045e-07,8.545110406997772e-08,5.007288298804656e-08,1.2082932515190886e-07,0.4512681637698017
2.666781532625007,1.05,0.0001034459187434603,0.00010392377138103155,8.337387382555421e-07,3.110438458753388e-07,2.4045969962853687e-07,3.8162799212214075e-07,0.4619347417236437
2.7937711294166743,1.1,0.000104235757124574,0.00010474107867747234,8.61755072384694e-07,1.1283511423162608e-06,9.878380010653507e-07,1.268864283567171e-06,0.4847871467892022
3.1747399197916746,1.25,0.00010878134315699226,0.00010938375382797467,9.517005349000794e-07,5.771026292818118e-06,5.423904070901673e-06,6.118148514734563e-06,0.55378123996228
3.8096879037500098,1.5,0.0001206916227672189,0.00012149530226665021,1.1142242869917397e-06,1.7882574731491964e-05,1.7199068408724868e-05,1.856608105425906e-05,0.6658950149186365
