K,exact_total_mse,deterministic_bias,noise_variance
0.5,0.0015271846164224907,0.0015130080400261408,1.4176576396349938e-05
0.5037681786996252,0.0014996578912475733,0.0014853702656759343,1.4287625571638921e-05
0.5075647557406749,0.0014726663692802326,0.0014582669438435686,1.4399425436664014e-05
0.5113899451431999,0.0014461977810224555,0.0014316857972328748,1.4511983789580657e-05
0.5152439625401821,0.0014202402604331795,0.001405614952017102,1.462530841607743e-05
0.5191270251896909,0.001394782325222291,0.0013800429181299036,1.473940709238718e-05
0.52303935198713,0.0013698128583498291,0.001354958570761667,1.4854287588162306e-05
0.5269811634775773,0.001345321090650381,0.0013303511329811593,1.4969957669221797e-05
0.5309526818682171,0.001321296584508096,0.0013062101594079184,1.508642510017738e-05
0.5349541310408665,0.001297729218512856,0.0012825255208659104,1.5203697646945567e-05
0.5389857365645959,0.0012746091730328328,0.0012592873899536807,1.5321783079152064e-05
0.543047725708445,0.0012519269166430796,0.0012364862274706451,1.544068917243468e-05
0.5471403274542338,0.0012296731933539179,0.0012141127696432678,1.5560423710650367e-05
0.5512637725094718,0.0012078390105866711,0.001192158016098679,1.5680994487991962e-05
0.5554182933203622,0.0011864156278478838,0.0011706132185368644,1.5802409311019566e-05
0.5596041240849062,0.0011653945460564587,0.0011494698700558472,1.5924676000611545e-05
0.5638215007661045,0.0011447674974812334,0.001128719695087394,1.6047802393839574e-05
0.5680706611052595,0.001124526436249392,0.0011083546399036197,1.6171796345772126e-05
0.5723518446353772,0.0011046635293887946,0.0010883668636575842,1.6296665731210367e-05
0.5766652926946696,0.0010851711483697935,0.001068748729923433,1.6422418446360315e-05
0.5810112484401599,0.0010660418611144072,0.0010494927987039623,1.654906241044493e-05
0.5853899568613896,0.0010472684244429405,0.0010305918188756808,1.6676605567259438e-05
0.5898016647942288,0.001028843776930089,0.0010120387210434158,1.6805055886673205e-05
0.594246620934791,0.001010761032144501,0.0009938266107784198,1.6934421366081144e-05
0.5987250758534525,0.00099301347224748,0.0009759487622156723,1.7064710031807558e-05
0.6032372820089773,0.0009755945419281645,0.0009583986119876995,1.7195929940465105e-05
0.6077834937627494,0.0009584978426540278,0.0009411697534737563,1.7328089180271506e-05
0.6123639673931105,0.0009417171272169616,0.0009242559313446354,1.7461195872326284e-05
0.6169789611098079,0.0009252462945565201,0.0009076510363846701,1.7595258171850045e-05
0.6216287350685497,0.00090907938484314,0.0008913491005737517,1.773028426938821e-05
0.6263135513856701,0.0008932105748052827,0.0008753442924133012,1.786628239198143e-05
0.6310336741529062,0.00087763417328552,0.0008596309124812154,1.8003260804304568e-05
0.6357893694522847,0.0008623446170115826,0.0008442033892018066,1.814122780977601e-05
0.6405809053711211,0.0008473364665693071,0.0008290562748176683,1.8280191751639114e-05
0.6454085520171332,0.0008326044025652851,0.0008141842415512676,1.8420161014017427e-05
0.6502725815336671,0.0008181432219678242,0.000799582077944879,1.8561144022945138e-05
0.655173268115038,0.0008039478346155872,0.000785244685368213,1.870314924737433e-05
0.6601108880219877,0.0007900132598839535,0.0007711670746837933,1.884618520016035e-05
0.6650857195972579,0.0007763346234998242,0.0007573443630607974,1.899026043902666e-05
0.6700980432812805,0.0007629071544961851,0.0007437717709286748,1.9135383567510333e-05
0.6751481416279866,0.0007497261822983141,0.0007304446190624245,1.928156323588946e-05
0.6802362993207348,0.0007367871339340382,0.0007173583257919446,1.9428808142093495e-05
0.6853628031883593,0.0007240855313609567,0.000704508404328359,1.957712703259769e-05
0.6905279422213388,0.000711616988903985,0.0006918904602006825,1.9726528703302513e-05
0.6957320075880877,0.0006993772107970179,0.0006795001887966188,1.9877022000399047e-05
0.7009752926513696,0.0006873619888229014,0.0006673333730016802,2.0028615821221306e-05
0.7062580929848344,0.0006755672000462816,0.0006553858809311953,2.0181319115086263e-05
0.7115807063896812,0.0006639888046342344,0.0006436536637501122,2.0335140884122345e-05
0.7169434329114448,0.0006526228437599275,0.0006321327535758403,2.049009018408734e-05
0.7223465748569109,0.0006414654375848357,0.0006208192614596595,2.064617612517625e-05
0.727790436811157,0.0006305127833153456,0.0006097093754425258,2.0803407872819856e-05
0.7332753256547223,0.0006197611533298263,0.0005987993586813516,2.0961794648474703e-05
0.738801550580908,0.0006092068933724963,0.0005880855476420913,2.112134573040502e-05
0.7443694231132061,0.0005988464208106524,0.0005775643503561954,2.1282070454457224e-05
0.7499792571228611,0.0005886762229520251,0.0005672322447371975,2.14439782148276e-05
0.7556313688465632,0.0005786928554192395,0.0005570857769544158,2.1607078464823602e-05
0.7613260769042757,0.0005688929405785407,0.0005471215598609215,2.1771380717619362e-05
0.7670637023171955,0.0005592731660201196,0.0005373362714731136,2.1936894547005834e-05
0.77284456852585,0.000549830283087527,0.0005277266534993908,2.2103629588136076e-05
0.7786690014083303,0.0005405611054538381,0.000518289509915572,2.2271595538266065e-05
0.7845373292986608,0.0005314625077423459,0.0005090217055848543,2.244080215749148e-05
0.7904498830053089,0.0005225314241897117,0.0004999201649202308,2.261125926948086e-05
0.7964069958298325,0.0005137648473496213,0.0004909818705874158,2.2782976762205487e-05
0.8024090035856695,0.0005051598268351019,0.00048220386224643566,2.295596458866636e-05
0.8084562446170674,0.0004967134680977812,0.0004735832353301627,2.313023276761864e-05
0.8145490598181575,0.0004884229312424493,0.00046511713985815546,2.3305791384293805e-05
0.8206877926521705,0.00048028542987539667,0.0004568027792842768,2.348265059111997e-05
0.8268727891707991,0.0004722982299850813,0.00044863740937664087,2.3660820608440463e-05
0.8331043980337052,0.00046445864885375995,0.0004406183371285288,2.3840311725231188e-05
0.8393829705281746,0.0004567640539988012,0.0004327429196989844,2.4021134299816825e-05
0.8457088605889194,0.00044921186214246493,0.0004250085633818787,2.4203298760586263e-05
0.8520824248180302,0.00044179953820900356,0.00041741272260229607,2.4386815606707477e-05
0.8585040225050787,0.0004345245943480025,0.0004099528989391604,2.4571695408842062e-05
0.8649740156473712,0.00042738458898293843,0.00040262664017307867,2.4757948809859728e-05
0.8714927689703544,0.00042037712588398676,0.000395431539358434,2.4945586525552782e-05
0.8780606499481773,0.0004134998532641625,0.00038836523391881135,2.5134619345351176e-05
0.8846780288244049,0.000406750462897931,0.00038142540476489317,2.5325058133037886e-05
0.8913452786328899,0.00040012668926146496,0.00037460977543399987,2.5516913827465092e-05
0.8980627752188018,0.0003936263086937699,0.00036791611125049854,2.5710197443271323e-05
0.9048308972598134,0.0003872471385779432,0.0003613422185063436,2.5904920071599635e-05
0.9116500262874477,0.0003809870365418629,0.0003548859436610458,2.610109288081708e-05
0.918520546708586,0.00037484389967764367,0.0003485451725604081,2.6298727117235614e-05
0.9254428458271367,0.0003688156637792282,0.0003423178296733936,2.6497834105834597e-05
0.9324173138658693,0.0003629003025975125,0.00033620187734652746,2.669842525098502e-05
0.9394443439884114,0.0003570958271124351,0.00033019531507525954,2.6900512037175663e-05
0.9465243323214124,0.0003514002848214851,0.0003242961787917438,2.7104106029741285e-05
0.9536576779768734,0.00034581175904411235,0.0003185025401685194,2.7309218875592945e-05
0.9608447830746463,0.0003403283682415455,0.0003128125059375948,2.75158623039507e-05
0.9680860527651021,0.00033494826535154597,0.0003072242172244672,2.7724048127078732e-05
0.9753818952519694,0.0003296696371376506,0.00030173584889662766,2.7933788241022995e-05
0.9827327218153464,0.00032449070355247244,0.0002963456089261208,2.8145094626351614e-05
0.990138946834885,0.00031940971711464825,0.00029105173776575015,2.8357979348898066e-05
0.9976009878131501,0.00031442496229904405,0.00028585250773853683,2.8572454560507294e-05
1.0051192653991552,0.00030953475493983946,0.00028074622244005467,2.8788532499784802e-05
1.0126942034120752,0.0003047374416461335,0.0002757312161532844,2.9006225492849016e-05
1.0203262288651378,0.00030003139922972683,0.0002708058532756401,2.922554595408678e-05
1.0280157719896945,0.0002954150341447521,0.0002659685277578398,2.9446506386912236e-05
1.0357632662594751,0.0002908867819388298,0.00026121766255430054,2.9669119384529216e-05
1.0435691484150216,0.00028644510671545394,0.0002565517090847568,2.989339763069712e-05
1.0514338584883085,0.0002820885006073082,0.00025196914670680783,3.0119353900500435e-05
1.0593578398275492,0.0002778154832602348,0.00024746848219911276,3.0347001061122076e-05
1.0673415391221874,0.00027362460132758444,0.00024304824925496397,3.057635207262049e-05
1.0753854064280783,0.0002695144279746895,0.0002387070079859788,3.080741998871072e-05
1.0834898951928584,0.0002654835623932073,0.0002344433444356579,3.104021795754944e-05
1.091655462281508,0.00026153062932509345,0.00023025587010256932,3.1274759222524156e-05
1.0998825680021054,0.0002576542785959714,0.00022614322147292484,3.1511057123046545e-05
1.1081716761317746,0.0002538531846576755,0.0002221040595623254,3.174912509535005e-05
1.11652325394283,0.00025012604613974826,0.00021813706946645643,3.198897667329186e-05
1.1249377722291172,0.00024647158540968433,0.00021424095992052505,3.2230625489159316e-05
1.1334157053325522,0.00024288854814171666,0.00021041446286723583,3.24740852744808e-05
1.1419575311698618,0.00023937570289395092,0.00020665633303310968,3.2719369860841264e-05
1.1505637312595234,0.00023593184069365842,0.0002029653475129561,3.296649318070231e-05
1.1592347907489102,0.00023255577463054188,0.0001993403053623147,3.321546926822718e-05
1.1679711984416392,0.00022924633945780004,0.0001957800271976896,3.3466312260110436e-05
1.176773446825126,0.00022600239120081544,0.00019228335480440286,3.371903639641257e-05
1.185642032098348,0.00022282280677330034,0.00018884915075190078,3.397365602139958e-05
1.1945774541998146,0.00021970648360073927,0.00018547629801635173,3.423018558438757e-05
1.2035802168357512,0.00021665233925096829,0.00018216369961037576,3.448863964059252e-05
1.2126508275084926,0.0002136593110717423,0.00017891027821975716,3.474903285198512e-05
1.2217897975450933,0.0002107263558351386,0.00017571497584698763,3.501137998815098e-05
1.2309976421261508,0.00020785244938865516,0.00017257675346149905,3.527569592715609e-05
1.240274880314848,0.00020503658631286173,0.00016949459065644407,3.554199565641769e-05
1.249622035086213,0.00020227777958546967,0.00016646748531188907,3.581029427358059e-05
1.2590396333566014,0.00019957506025168506,0.00016349445326428594,3.608060698739907e-05
1.268528206013398,0.0001969274771007197,0.0001605745279820954,3.63529491186243e-05
1.278088287944945,0.0001943340963483316,0.00015770676024743415,3.6627336100897466e-05
1.2877204180706938,0.0001917940013252736,0.00015489021784362495,3.6903783481648674e-05
1.2974251393715868,0.00018930629217153163,0.00015212398524853005,3.7182306923001585e-05
1.3072029989206633,0.0001868700855362351,0.00014940716333355122,3.746292220268394e-05
1.3170545479139013,0.00018448451428312819,0.00014673886906818413,3.7745645214944046e-05
1.3269803417012886,0.0001821487272014887,0.00014411823523001547,3.8030491971473244e-05
1.336980939818129,0.00017986188872239024,0.00014154441012005585,3.831747860233441e-05
1.347056906016584,0.00017762317864019957,0.0001390165572833028,3.8606621356896724e-05
1.3572088082974534,0.00017543179183920803,0.00013653385523443158,3.889793660477643e-05
1.3674372189421937,0.0001732869380252973,0.0001340954971885132,3.9191440836784094e-05
1.3777427145451788,0.00017118784146254014,0.00013170069079666217,3.948715066587797e-05
1.3881258760462047,0.0001691337407146417,0.00012934865788651772,3.978508282812398e-05
1.3985872887632365,0.00016712388839112806,0.00012703863420746606,4.0085254183661986e-05
1.4091275424254046,0.00016515755089818986,0.00012476986918051115,4.0387681717678725e-05
1.4197472312062498,0.00016323400819409284,0.00012254162565270563,4.069238254138722e-05
1.4304469537572164,0.00016135255354906745,0.00012035317965605447,4.099937389301299e-05
1.4412273132413997,0.0001595124933095928,0.00011820382017080594,4.130867313878682e-05
1.4520889173675482,0.00015771314666699043,0.00011609284889304593,4.1620297773944545e-05
1.4630323784243207,0.00015595384543024845,0.00011401958000651496,4.1934265423733484e-05
1.4740583133148017,0.00015423393380299338,0.00011198333995856744,4.225059384442591e-05
1.4851673435912782,0.0001525527681645344,0.00010998346724019489,4.2569300924339516e-05
1.4963600954902774,0.00015090971685490154,0.0001080193121700366,4.289040468486493e-05
1.5076371999678684,0.00014930415996380406,0.00010609023668230374,4.321392328150034e-05
1.5189992927352312,0.00014773548912343524,0.00010419561411854195,4.3539875004893314e-05
1.5304470142944924,0.00014620310730505218,0.00010233482902316227,4.38682782818899e-05
1.5419810099748315,0.00014470642861926018,0.00010050727694266909,4.419915167659106e-05
1.5536019299688588,0.00014324487811993294,9.871236422851647e-05,4.453251389141646e-05
1.5653104293692692,0.00014181789161170135,9.69495078435256e-05,4.486838376817576e-05
1.5771071682057702,0.00014042491546094435,9.521813517179693e-05,4.520678028914743e-05
1.5889928114822884,0.00013906540641021807,9.35176838320529e-05,4.554772257816516e-05
1.6009680292144586,0.00013773883139605878,9.184760149434689e-05,4.589122990171191e-05
1.6130334964673922,0.00013644466737009871,9.020734570007695e-05,4.623732167002176e-05
1.6251898933937332,0.00013518240112343264,8.859638368524314e-05,4.6586017438189494e-05
1.6374379052719978,0.00013395152911417694,8.701419220688886e-05,4.6937336907288066e-05
1.6497782225452076,0.0001327515572981611,8.546025737266699e-05,4.729129992549411e-05
1.6622115408598082,0.00013158200096269598,8.393407447347475e-05,4.764792648922125e-05
1.6747385611048864,0.00013044238456336133,8.243514781909956e-05,4.800723674426177e-05
1.687359989451679,0.00012933224156375794,8.096299057682174e-05,4.836925098693619e-05
1.7000765373933824,0.00012825111427817055,7.951712461291943e-05,4.8733989665251126e-05
1.712888921785259,0.0001271985537170886,7.809708033702298e-05,4.9101473380065605e-05
1.7257978648850492,0.00012617411943553202,7.670239654926655e-05,4.94717228862655e-05
1.7388040943936862,0.00012517737938413234,7.53326202901858e-05,4.984475909394655e-05
1.7519083434963165,0.00012420790976291814,7.398730669331229e-05,5.022060306960587e-05
1.7651113509036334,0.00012326529487775625,7.266601884041427e-05,5.0599276037341986e-05
1.7784138608935167,0.0001223491269994008,7.13683276193372e-05,5.09807993800636e-05
1.791816623352991,0.00012145900622510233,7.009381158439536e-05,5.136519464070696e-05
1.8053203938204971,0.00012059454034273115,6.884205681926898e-05,5.1752483523462184e-05
1.8189259335284838,0.00011975534469736979,6.761265680236152e-05,5.2142687895008306e-05
1.8326340094463196,0.00011894104206032914,6.640521227457175e-05,5.253582978575736e-05
1.8464453943235284,0.00011815126250054515,6.521933110943769e-05,5.293193139110747e-05
1.8603608667333502,0.00011738564325831376,6.40546281856088e-05,5.333101507270497e-05
1.8743812111166318,0.00011664382862132038,6.291072526160459e-05,5.37331033597158e-05
1.8885072178260467,0.00011592546980292447,6.178725085281841e-05,5.4138218950106054e-05
1.9027396831706476,0.00011523022482265731,6.068384011072543e-05,5.454638471193187e-05
1.9170794094607582,0.00011455775838889389,5.96001347042551e-05,5.4957623684638774e-05
1.9315272050531982,0.00011390774178365989,5.853578270328946e-05,5.5371959080370415e-05
1.9460838843968542,0.00011327985274953498,5.749043846424809e-05,5.57894142852869e-05
1.9607502680785904,0.00011267377537861552,5.646376251772273e-05,5.6210012860892776e-05
1.9755271828695067,0.00011208920000349905,5.54554214581244e-05,5.663377854537465e-05
1.9904154617715455,0.00011152582309025509,5.4465087835306426e-05,5.706073525494865e-05
2.00541594406445,0.00011098334713334617,5.3492440048128364e-05,5.7490907085217804e-05
2.0205294753530745,0.00011046148055246444,5.253716223992525e-05,5.792431831253919e-05
2.0357569076150552,0.00010995993759124951,5.1598944195848205e-05,5.8360993395401316e-05
2.051099099248835,0.00010947843821785427,5.06774812420428e-05,5.880095697581147e-05
2.066556915122055,0.00010901670802732498,4.977247414663167e-05,5.924423388069331e-05
2.082131226620307,0.00010857447814576408,4.888362902246935e-05,5.9690849123294714e-05
2.097822911696257,0.00010815148513624334,4.801065723163732e-05,6.014082790460601e-05
2.1136328549191354,0.00010774747090643644,4.715327529164787e-05,6.0594195614788564e-05
2.129561947524604,0.00010736218261794014,4.631120478332613e-05,6.1050977834614e-05
2.145611087464993,0.00010699537259725421,4.5484172260340304e-05,6.15112003369139e-05
2.1617811794599238,0.0001066467982483905,4.467190916035023e-05,6.197488908804029e-05
2.1780731350473066,0.00010631622196708195,4.3874151717745165e-05,6.24420702493368e-05
2.194487872634729,0.00010600341105656342,4.3090640877942596e-05,6.291277017862081e-05
2.211026317551225,0.00010570813764489628,4.232112221321983e-05,6.338701543167645e-05
2.2276894020994393,0.00010543017860380933,4.156534584005073e-05,6.38648327637586e-05
2.244478065608183,0.00010516931546902903,4.082306633792092e-05,6.43462491311081e-05
2.2613932544853843,0.00010492533436207273,4.0094042669594616e-05,6.483129169247812e-05
2.27843592227144,0.00010469802591347904,3.937803810280731e-05,6.531998781067174e-05
2.2956070296929685,0.00010448718518744951,3.8674820133358405e-05,6.581236505409112e-05
2.3129075447169662,0.00010429261160787716,3.798416040957924e-05,6.630845119829791e-05
2.330338442605376,0.00010411410888573654,3.730583465815111e-05,6.680827422758541e-05
2.3479007059700625,0.00010395148494781203,3.6639622611249855e-05,6.731186233656218e-05
2.365595324828205,0.00010380455186674024,3.5985307934992564e-05,6.781924393174767e-05
2.383423296658106,0.00010367312579234302,3.534267815916365e-05,6.833044763317938e-05
2.401385626455421,0.00010355702688422904,3.471152460819688e-05,6.884550227603216e-05
2.419483326789812,0.00010345607924564074,3.409164233339118e-05,6.936443691224955e-05
2.4377174178620273,0.00010337011085852507,3.3482830046338096e-05,6.988728081218698e-05
2.4560889275614133,0.00010329895351980639,3.288489005353889e-05,7.041406346626749e-05
2.4745988915238577,0.00010324244277884004,3.229762819219046e-05,7.094481458664957e-05
2.4932483531901704,0.0001032004178760262,3.172085376711876e-05,7.147956410890745e-05
2.512038363864904,0.0001031727216825633,3.115437948883939e-05,7.20183421937239e-05
2.530969982775618,0.00010315920064132068,3.059802141272504e-05,7.256117922859564e-05
2.5500442771325895,0.00010315970470881144,3.0051598879260108e-05,7.310810582955133e-05
2.5692623221889734,0.0001031740872982455,2.9514934455362955e-05,7.365915284288254e-05
2.5886252013014173,0.00010320220522364409,2.8987853876756654e-05,7.421435134688743e-05
2.6081340059911313,0.00010324391864499715,2.8470185991369604e-05,7.477373265362757e-05
2.627789836005419,0.00010329909101444521,2.7961762703747485e-05,7.533732831069772e-05
2.647593799379673,0.00010336758902346728,2.7462418920458373e-05,7.59051701030089e-05
2.667547012499838,0.00010344928255105813,2.697199249647347e-05,7.647729005458466e-05
2.6876506001653393,0.00010354404461287674,2.6490324182505847e-05,7.70537204303709e-05
2.707905695652495,0.00010365175131134906,2.601725757329003e-05,7.763449373805903e-05
2.7283134407783978,0.0001037722817867085,2.5552639056785712e-05,7.82196427299228e-05
2.7488749859652826,0.00010390551816895786,2.5096317764288988e-05,7.880920040466886e-05
2.769591490305376,0.00010405134553073613,2.4648145521434992e-05,7.940320000930113e-05
2.79046412162624,0.00010420965184107477,2.4207976800075704e-05,8.000167504099905e-05
2.8114940565566005,0.00010438032792002763,2.3775668671017728e-05,8.06046592490099e-05
2.832682480592679,0.00010456326739415953,2.3351080757604248e-05,8.121218663655527e-05
2.854030588165021,0.00010475836665287797,2.2934075190126275e-05,8.18242914627517e-05
2.875539582705825,0.00010496552480559416,2.2524516561048388e-05,8.244100824454577e-05
2.8972106767167873,0.00010518464363969781,2.212227188103422e-05,8.306237175866359e-05
2.9190450918374493,0.0001054156275793326,2.1727210535757594e-05,8.368841704357498e-05
2.941044058914064,0.00010565838364495728,2.133920424348519e-05,8.431917940147208e-05
2.963208818068982,0.00010591282141367997,2.0958127013416886e-05,8.495469440026308e-05
2.9855406187705604,0.00010617885298035096,2.0583855104770276e-05,8.559499787558068e-05
3.0080407199035943,0.0001064563929194017,2.0216266986596145e-05,8.624012593280557e-05
3.0307103898402863,0.00010674535824741689,1.9855243298311685e-05,8.68901149491052e-05
3.0535509065117443,0.00010704566838642634,1.9500666810938767e-05,8.754500157548759e-05
3.0765635574800214,0.0001073572451279053,1.9152422389034525e-05,8.820482273887079e-05
3.0997496400107,0.00010768001259746955,1.881039695330199e-05,8.886961564416755e-05
3.123110461146018,0.00010801389722025448,1.8474479443868666e-05,8.953941777638583e-05
3.1466473377785515,0.00010835882768696574,1.814456078422081e-05,9.021426690274493e-05
3.17036159672545,0.00010871473492058969,1.7820533845782185e-05,9.089420107480752e-05
3.194254574803232,0.00010908155204375291,1.7502293413125305e-05,9.157925863062761e-05
3.218327618903139,0.0001094592143467187,1.718973614980419e-05,9.226947819691453e-05
3.242582086067072,0.00010984765925601078,1.688276056479724e-05,9.296489869121353e-05
3.2670193435640797,0.00011024682630365176,1.6581266979549734e-05,9.366555932410203e-05
3.291640768967444,0.00011065665709700782,1.628515749560471e-05,9.437149960140313e-05
3.316447750232325,0.00011107709528922719,1.5994335962812278e-05,9.50827593264149e-05
3.3414416857740163,0.00011150808655026377,1.570870794810642e-05,9.579937860215734e-05
3.3666239845467625,0.00011194957853847496,1.542818070483987e-05,9.652139783363509e-05
3.391996066123196,0.00011240152087278442,1.5152663142666281e-05,9.724885773011813e-05
3.4175593607743506,0.00011286386510539956,1.4882065797960678e-05,9.798179930743886e-05
3.4433153095503006,0.00011333656469507487,1.4616300804767893e-05,9.872026389030696e-05
3.4692653643613816,0.00011381957498091125,1.4355281866270213e-05,9.946429311464105e-05
3.4954109880600504,0.00011431285315668274,1.4098924226764302e-05,0.00010021392892991843
3.5217536545233368,0.0001148163582456809,1.3847144644138914e-05,0.00010096921360154201
3.548294848735942,0.0001153300510760692,1.3599861362843885e-05,0.00010173018971322532
3.575036066873934,0.00011585389425673727,1.3356994087342192e-05,0.00010249690016939508
3.601978816389107,0.00011638785215364818,1.311846395603587e-05,0.00010326938819761231
3.6291246160939434,0.00011693189086666881,1.2884193515657873e-05,0.00010404769735101094
3.6564749962472454,0.0001174859782068766,1.2654106696121081e-05,0.00010483187151075552
3.6840314986403864,0.00011805008367433325,1.2428128785816689e-05,0.00010562195488851656
3.7117956766842375,0.00011862417843631887,1.2206186407353559e-05,0.0001064179920289653
3.739769095496721,0.00011920823530601747,1.1988207493731098e-05,0.00010722002781228638
3.767953331991055,0.00011980222872164757,1.177412126493742e-05,0.00010802810745671015
3.7963499749646368,0.00012040613472602919,1.1563858204965681e-05,0.0001088422765210635
3.8249606251886044,0.00012101993094658066,1.1357350039240796e-05,0.00010966258090733987
3.8537868954980867,0.00012164359657573827,1.1154529712449226e-05,0.00011048906686328905
3.882830410883107,0.00012227711235179064,1.0955331366764914e-05,0.00011132178098502573
3.9120928085802014,0.00012292046054012217,1.0759690320463849e-05,0.00011216077021965834
3.9415757381646976,0.00012357362491485774,1.0567543046920803e-05,0.00011300608186793696
3.971280861643722,0.00012423659074090293,1.0378827153980925e-05,0.000113857763586922
4.001209853549871,0.00012490934475637184,1.0193481363700003e-05,0.00011471586339267183
4.031364401035626,0.0001255918751553981,1.0011445492446282e-05,0.00011558042966295183
4.061746203968444,0.00012628417157132052,9.832660431357907e-06,0.00011645151113996263
4.0923569750266005,0.00012698622506023907,9.657068127149137e-06,0.00011732915693308992
4.123198439795715,0.00012769802808493356,9.484611563259565e-06,0.00011821341652167396
4.154272336866048,0.00012841957449914067,9.315234741339778e-06,0.00011910433975780089
4.185580417930488,0.0001291508595321819,9.148882663067875e-06,0.00012000197686911401
4.217124447883317,0.0001298918797739377,8.98550131229054e-06,0.00012090637846164718
4.248906204919681,0.00013064263316016187,8.825037637483212e-06,0.00012181759552267866
4.2809274806358495,0.0001314031189581306,8.667439534523346e-06,0.00012273567942360728
4.313190080130193,0.00013217333775262057,8.51265582977149e-06,0.00012366068192284907
4.345695822104957,0.0001329532914322117,8.360636263454337e-06,0.00012459265516875738
4.378446538968768,0.00013374298317590756,8.211331473344707e-06,0.00012553165170256286
4.411444076939948,0.00013454241744007039,8.064692978732829e-06,0.00012647772446133755
4.444690296150572,0.00013535159994566387,7.920673164684023e-06,0.00012743092678097983
4.4781870707513445,0.0001361705376658002,7.779225266577367e-06,0.0001283913123992228
4.511936289017227,0.000136999238813585,7.640303354920663e-06,0.00012935893545866432
4.54593985345391,0.00013783771283025742,7.503862320436377e-06,0.00013033385050982105
4.580199680905033,0.00013868597037361817,7.36985785941414e-06,0.00013131611251420404
4.614717702660265,0.00013954402330674362,7.238246459324654e-06,0.00013230577684741898
4.6494958645641615,0.00014041188468697928,7.108985384690609e-06,0.00013330289930228866
4.6845361271258525,0.000141289568755209,6.982032663209949e-06,0.0001343075360919991
4.7198404656295745,0.0001421770909253968,6.857347072126839e-06,0.00013531974385326998
4.755410870246002,0.00014307446777439423,6.7348881248461726e-06,0.00013633957964954808
4.791249346144457,0.0001439817170320126,6.614616057786992e-06,0.00013736710097422562
4.827357913605925,0.0001448988575713526,6.496491817470803e-06,0.00013840236575388178
4.86373860813696,0.0001458259093993902,6.380477047840369e-06,0.00013944543235154983
4.900393480584412,0.0001467628936478127,6.2665340778050725e-06,0.0001404963595700076
4.937324597251053,0.00014770983256410256,6.154625909008596e-06,0.000141555206655094
4.974534040012046,0.00014866674950286417,6.044716203815151e-06,0.00014262203329904903
5.012023906432315,0.00014963366891739083,5.936769273510163e-06,0.00014369689964388067
5.0497963098847745,0.0001506106163514671,5.830750066711769e-06,0.00014477986628475532
5.087853379669481,0.00015159761843140437,5.72662415798916e-06,0.0001458709942734152
5.1261972611336555,0.000152594702858305,5.624357736684276e-06,0.00014697034512162072
5.164830115792616,0.00015360189840055177,5.5239175959331e-06,0.0001480779808046187
5.203754121451642,0.0001546192348865204,5.425271121882956e-06,0.00014919396376463745
5.242971472328722,0.00015564674319750956,5.32838628310247e-06,0.0001503183569144071
5.282484379178267,0.00015668445526088805,5.233231620180548e-06,0.0001514512236407075
5.32229506941571,0.000157732404043453,5.1397762355112045e-06,0.00015259262780794181
5.3624057872430955,0.0001587906235449987,5.047989783260709e-06,0.000153742633761738
5.402818793775567,0.00015985914879209045,4.957842459513988e-06,0.00015490130633257648
5.443536367168848,0.000160938015832043,4.869304992596948e-06,0.00015606871083944605
5.484560802747648,0.00016202726172709795,4.782348633571655e-06,0.00015724491309352629
5.525894413135076,0.00016312692454880008,4.696945146901215e-06,0.00015842997940189885
5.567539528382981,0.00016423704337256684,4.6130668012814175e-06,0.00015962397657128544
5.60949849610333,0.00016535765827245137,4.530686360636052e-06,0.00016082697191181533
5.65177368160052,0.0001664888103160927,4.449777075273092e-06,0.00016203903324081963
5.6943674680047405,0.00016763054155985473,4.370312673198744e-06,0.000163260228886656
5.737282256406288,0.00016878289504414695,4.292267351586699e-06,0.00016449062769256025
5.780520465990945,0.00016994591478892816,4.215615768399633e-06,0.00016573029902052855
5.824084534176332,0.00017111964578938812,4.140333034160431e-06,0.00016697931275522768
5.867976916749333,0.00017230413401180607,4.0663947038702566e-06,0.00016823773930793582
5.912200088004505,0.00017349942638958274,3.993776769071067e-06,0.00016950564962051165
5.956756540883589,0.0001747055708194448,3.922455650049755e-06,0.00017078311516939502
6.001648787116008,0.00017592261615781768,3.852408188181634e-06,0.00017207020796963606
6.046879357360494,0.00017715061221736664,3.783611638410538e-06,0.0001733670005789561
6.09245080134771,0.00017838960976370122,3.7160436618633167e-06,0.0001746735661018379
6.138365688024014,0.00017963966051224396,3.6496823185961397e-06,0.0001759899781936478
6.18462660569626,0.00018090081712525874,3.5845060604703863e-06,0.00017731631106478836
6.231236162177698,0.0001821731332090375,3.520493724155765e-06,0.00017865263948488172
6.278196984935004,0.0001834566633112444,3.4576245242583253e-06,0.00017999903878698607
6.325511721236369,0.0001847514629184132,3.395878046571282e-06,0.0001813555848718419
6.3731830383007555,0.0001860575884535984,3.3352342414462676e-06,0.00018272235421215208
6.421213623448228,0.00018737509727417565,3.275673417283057e-06,0.0001840994238568926
6.469606184251472,0.0001887040476697927,3.2171762341354667e-06,0.0001854868714356572
6.5183634486883895,0.0001900444988604647,3.1597236974315217e-06,0.00018688477516303322
6.5674881652959165,0.00019139651099481768,3.103297151805697e-06,0.000188293213843012
6.616983103324932,0.00019276014514847252,3.0478782750413603e-06,0.00018971226687343115
6.666851052896392,0.0001941354633225728,2.9934490721213495e-06,0.00019114201425045145
6.717094825158585,0.0001955225284424508,2.9399918693848387e-06,0.00019258253657306596
6.767717252445638,0.0001969214043564336,2.8874893087884903e-06,0.0001940339150476451
6.818721188437139,0.00019833215583478405,2.8359243422701745e-06,0.00019549623149251388
6.870109508319044,0.0001997548485687789,2.7852802262132523e-06,0.00019696956834256563
6.921885108945723,0.00020118954916991815,2.7355405160098014e-06,0.00019845400865390835
6.974050909003289,0.00020263632516926913,2.6866890607208582e-06,0.00019994963610854826
7.026609849174103,0.00020409524501693873,2.6387099978320794e-06,0.00020145653501910666
7.079564892302574,0.00020556637808167704,2.591587748103008e-06,0.00020297479033357406
7.132919023562149,0.00020704979465060655,2.5453070105083657e-06,0.0002045044876400982
7.186675250623628,0.00020854556592908032,2.4998527572696386e-06,0.00020604571317181064
7.240836603824673,0.00021005376404066242,2.4552102289754402e-06,0.00020759855381168697
7.295406136340671,0.0002115744620272348,2.4113649297889647e-06,0.00020916309709744584
7.350386924356817,0.0002131077338492245,2.3683026227410702e-06,0.00021073943122648344
7.405782067241545,0.00021465365438595363,2.3260093251073835e-06,0.00021232764506084627
7.461594687721238,0.00021621229943610858,2.2844713038679844e-06,0.0002139278281322406
7.517827932056251,0.00021778374571832773,2.2436750712481676e-06,0.00021554007064707956
7.574484970218297,0.00021936807087190823,2.203607380338821e-06,0.00021716446349156945
7.63156899606911,0.00022096535345762747,2.1642552207950463e-06,0.00021880109823683243
7.689083227540528,0.0002225756729586818,2.1256058146115567e-06,0.00022045006714407022
7.747030906815852,0.0002241991097817376,2.0876466119735605e-06,0.00022211146316976398
7.805415300512657,0.00022583574525809782,2.050365287181694e-06,0.00022378537997091617
7.864239699866896,0.0002274856616449788,2.0137497346497743e-06,0.00022547191191032902
7.923507420918469,0.00022914894212689986,1.9777880649739806e-06,0.00022717115406192584
7.983221804698121,0.00023082567081718185,1.9424686010722697e-06,0.00022888320221610956
8.043386217415817,0.00023251593275955653,1.907779874392705e-06,0.00023060815288516377
8.104004050650465,0.0002342198139298824,1.8737106211895211e-06,0.00023234610330869285
8.165078721541141,0.0002359374012379705,1.8402497788656693e-06,0.00023409715145910484
8.226613672979687,0.00023766878252951424,1.807386482380701e-06,0.00023586139604713353
8.288612373804824,0.0002394140465881271,1.775110060722773e-06,0.00023763893652740432
8.351078318997665,0.00024117328313748364,1.7434100334436868e-06,0.00023942987310404
8.414015029878763,0.00024294658284356618,1.7122761072557732e-06,0.00024123430673631045
8.477426054306592,0.0002447340373170132,1.6816981726895791e-06,0.00024305233914432366
8.541314966877566,0.000246535739115572,1.651666300811218e-06,0.0002448840728147608
8.605685369127519,0.0002483517817466513,1.6221707399983642e-06,0.00024672961100665294
8.670540889734767,0.0002501822596699772,1.5932019127737953e-06,0.0002485890577572034
8.73588518472462,0.00025202726830034683,1.564750412695515e-06,0.0002504625178876513
8.801721937675524,0.0002538869040104849,1.5368070013023738e-06,0.0002523500970091825
8.868054859926666,0.00025576126413399584,1.5093626051142758e-06,0.00025425190152888154
8.93488769078723,0.00025765044696841785,1.4824083126859178e-06,0.00025616803865573197
9.002224197747168,0.0002595545517783722,1.4559353717131674e-06,0.000258098616406659
9.070068176689569,0.0002614736787988102,1.4299351861911171e-06,0.00026004374361261913
9.13842345210467,0.0002634079292383587,1.404399313622865e-06,0.0002620035299247358
9.207293877305421,0.00026535740528275823,1.3793194622781738e-06,0.00026397808582048006
9.276683334644726,0.00026732221009840077,1.3546874885010599e-06,0.00026596752260989973
9.346595735734276,0.00026930244783595844,1.3304953940654778e-06,0.00026797195244189297
9.41703502166508,0.0002712982236341103,1.306735323578218e-06,0.00026999148831053206
9.488005163229605,0.00027330964362336024,1.2833995619281944e-06,0.00027202624406143206
9.559510161145639,0.0002753368149299507,1.2604805317812698e-06,0.00027407633439816947
9.631554046281794,0.0002773798456798677,1.2379707911198339e-06,0.00027614187488874786
9.704140879884772,0.00027943884500294003,1.215863030826301e-06,0.00027822298197211376
9.777274753808259,0.0002815139230370294,1.1941500723097825e-06,0.0002803197729647196
9.850959790743627,0.0002836051909323135,1.172824865175127e-06,0.0002824323660671384
9.925200144452313,0.0002857127608556597,1.151880484933593e-06,0.00028456088037072613
10.0,0.0002878367459950906,1.1313101307544033e-06,0.00028670543586433616
