sigma,inverse_time_rms,inverse_square_rms,bounded_profile_envelope_rms,inverse_time_power_reference,inverse_square_asymptotic_rms,inverse_square_refined_rms,inverse_square_W,inverse_square_local_slope
1e-09,3.490444795768085e-07,7.1049835439562945e-09,1e-09,3.490444795768085e-07,6.9454416355575775e-09,7.1068159416495534e-09,43.039327658512136,0.9545860460107767
1.584893192461111e-09,4.831224781143658e-07,1.1030419202613642e-08,1.584893192461111e-09,4.831224781143657e-07,1.0777622915996106e-08,1.1033383955159414e-08,42.13942417208589,0.9536386950363113
2.511886431509582e-09,6.687036825288178e-07,1.711733733208108e-08,2.511886431509582e-09,6.687036825288176e-07,1.671678230301357e-08,1.7122136232880277e-08,41.23996604278766,0.9526514770875036
3.981071705534969e-09,9.255719518017266e-07,2.6551433957172535e-08,3.981071705534969e-09,9.255719518017264e-07,2.5916762460266133e-08,2.655920514424924e-08,40.34097220873283,0.9516218440654494
6.309573444801943e-09,1.2811106927396674e-06,4.1166048232490634e-08,6.309573444801943e-09,1.281110692739667e-06,4.016043541761781e-08,4.117863845400908e-08,39.44246283133762,0.9505470275551502
1e-08,1.7732220643214657e-06,6.37941895210162e-08,1e-08,1.773222064321465e-06,6.22008538972569e-08,6.381459695817666e-08,38.544459402233045,0.9494240146348527
1.584893192461114e-08,2.4543675321859455e-06,9.881083512541516e-08,1.5848931924611136e-08,2.454367532185944e-06,9.628631969682523e-08,9.884393008845832e-08,37.64698486204715,0.9482495204441141
2.511886431509582e-08,3.3971605160200948e-06,1.5296766819579252e-07,2.511886431509581e-08,3.3971605160200927e-06,1.489678275688723e-07,1.5302136686753936e-07,36.75006373266374,0.9470199569949475
3.981071705534969e-08,4.702107333259641e-06,2.3667686505646315e-07,3.981071705534966e-08,4.7021073332596364e-06,2.3033961562598585e-07,2.3676404246581688e-07,35.85372226482443,0.945731397614918
6.30957344480193e-08,6.508321661349289e-06,3.6598372160625795e-07,6.309573444801916e-08,6.5083216613492864e-06,3.5594330141958334e-07,3.66125331783496e-07,34.957988603247856,0.9443795362953268
1e-07,9.008354732350266e-06,5.655948330830168e-07,9.999999999999949e-08,9.008354732350264e-06,5.496875716810509e-07,5.658250022902486e-07,34.06289297180648,0.9429596410767312
1.584893192461114e-07,1.2468722230768395e-05,8.735219373816517e-07,1.5848931924610942e-07,1.2468722230768402e-05,8.48320181288834e-07,8.738962852051648e-07,33.16846788173881,0.9414665004318531
2.5118864315095823e-07,1.725831616174557e-05,1.3481957553126985e-06,2.511886431509503e-07,1.725831616174562e-05,1.3082696085779843e-06,1.3488050015646552e-06,32.2747483664012,0.9398943613944959
3.981071705534969e-07,2.388773053294745e-05,2.0793510309608576e-06,3.9810717055346537e-07,2.388773053294766e-05,2.0160989990314642e-06,2.080343267429775e-06,31.3817722466972,0.9382368579223148
6.309573444801942e-07,3.306369315910083e-05,3.2046614590275316e-06,6.309573444800687e-07,3.3063693159101614e-05,3.104458337425098e-06,3.206278641064225e-06,30.489580432091046,0.9364869276580834
1e-06,4.576440628427731e-05,4.935128276347219e-06,9.999999999995e-07,4.576440628428011e-05,4.7763917723835585e-06,4.937766078475534e-06,29.598217263045825,0.9346367148515071
1.584893192461114e-06,6.334382769868538e-05,7.593774017094921e-06,1.5848931924591236e-06,6.334382769869519e-05,7.3423190874827405e-06,7.598080126646049e-06,28.707730901869397,0.9326774566995237
2.5118864315095823e-06,8.767600922419639e-05,1.1674524256645005e-05,2.511886431501658e-06,8.767600922423072e-05,1.1276206063581748e-05,1.1681559993448457e-05,27.818173780354577,0.9305993497282814
3.981071705534969e-06,0.0001213548797531562,1.7931662762768584e-05,3.981071705503421e-06,0.00012135487975327583,1.7300726503371524e-05,1.794316918735463e-05,26.929603114332483,0.9283913920361557
6.309573444801943e-06,0.00016797077068404632,2.751549277097191e-05,6.3095734446763485e-06,0.00016797077068446254,2.6516126454611483e-05,2.7534329491002754e-05,26.04208149740969,0.9260411961929936
9.999999999999999e-06,0.0002324931627102117,4.2177673263120506e-05,9.999999999499999e-06,0.00023249316271165934,4.0594800151735584e-05,4.2208543212655345e-05,25.155677588846427,0.9235347662775573
1.584893192461114e-05,0.0003218004566304261,6.458136000875646e-05,1.5848931922620604e-05,0.00032180045663546015,6.207439838879805e-05,6.463200878043115e-05,24.270466913907992,0.9208562308399901
2.5118864315095822e-05,0.00044541324432474595,9.87685644755086e-05,2.5118864307171354e-05,0.0004454132443422492,9.479822976148545e-05,9.885176906015254e-05,23.386532799289203,0.9179875213725219
3.9810717055349776e-05,0.0006165092501426958,0.000150862645061268,3.981071702380191e-05,0.0006165092502035521,0.0001445750926275059,0.00015099951946733695,22.503967471642625,0.9149079829857242
6.309573444801943e-05,0.0008533281403735087,0.0002301212783863686,6.309573432242511e-05,0.0008533281405850948,0.00022016475304754212,0.00023034678341145483,21.622873354203797,0.9115939001785395
0.0001,0.0011811159602560161,0.0003505098804868424,9.999999950000001e-05,0.001181115960991657,0.00033474460692250264,0.00035088203753170025,20.7433646054976,0.9080179155210266
0.00015848931924611142,0.001634816484746653,0.0005330446000586763,0.00015848931725557562,0.0016348164873043148,0.0005080838559709307,0.0005336599598872616,19.865568955813828,0.9041483122633598
0.0002511886431509582,0.0022627963933491537,0.0008092677667504552,0.0002511886352264926,0.0022627964022415726,0.0007697521111747489,0.0008102875041614198,18.989629912503013,0.8999481226638893
0.00039810717055349773,0.0031320013880559577,0.0012263805733637883,0.00039810713900563423,0.0031320014189728986,0.0011638304985569555,0.001228074766955266,18.11570942548956,0.8953740112133568
0.0006309573444801943,0.004335092912247888,0.0018547853973484062,0.0006309572188859102,0.004335093019739129,0.0017557884129699164,0.0018576087166090435,17.2439911315999,0.8903748644924598
0.001,0.00600032624680401,0.0027991053792701353,0.000999999500000375,0.006000326620526828,0.002642453321718581,0.0028038276278105566,16.374684333034445,0.8848899950258431
