initial_disagreement_scale,terminal_projection_orbit_error,quadratic_reference
0.015,1.992821270116692e-06,1.992821270116692e-06
0.020976502417454725,3.887773226628384e-06,3.897193636330254e-06
0.02933424357796562,7.577220346384247e-06,7.621415159907289e-06
0.04102198875516012,1.4747621239674567e-05,1.4904563247301345e-05
0.05736652308609447,2.8647740295647177e-05,2.9147605914635452e-05
0.08022326734642893,5.549600539267364e-05,5.700153144096457e-05
0.11218690409523223,0.00010708429316555111,0.00011147312050708796
0.15688592433069348,0.00020546522532346843,0.00021799864462338905
0.2193945313991608,0.0003910220930017073,0.00042632168940325715
0.3068086612180563,0.0007353178403164766,0.0008337216186349965
0.42905150824910737,0.0013586024434329772,0.0016304395358169843
0.6,0.0024455139536451453,0.0031885140321867072
