K,K_over_Kopt,paths,dt,modal_mse,nonlinear_mean,se,ci95_low,ci95_high,relative_discrepancy_pct,relative_se_modal_pct,relative_se_estimate_pct,relative_ci95_low_pct,relative_ci95_high_pct,paired_difference,paired_se,paired_ci95_low,paired_ci95_high,bonferroni15_ci95_low,bonferroni15_ci95_high,significantly_worse,significantly_better,unresolved_vs_reference
1.523875161500004,0.6,20000,0.0005,0.0001470769978776312,0.00014776493756354385,3.4883918302062445e-07,0.00014708118394683836,0.00014844869118024935,0.46774118036121415,0.23718133226438334,0.23607710243887323,0.0028461753146746815,0.9326361854077314,4.415221002838732e-05,2.0556553786349696e-07,4.3749284592181754e-05,4.455513546459289e-05,4.35487616379388e-05,4.4755658418835845e-05,True,False,False
1.9048439518750049,0.75,20000,0.0005,0.00011512980588705653,0.00011559685376068072,3.589521005854989e-07,0.00011489327799010892,0.00011630042953125252,0.40567068625336766,0.3117803403035652,0.310520649055583,-0.20544453725531708,1.0167859097620635,1.19841262255242e-05,1.2460597524313156e-07,1.173988822021225e-05,1.2228364230836149e-05,1.1618338866503605e-05,1.2349913584544795e-05,True,False,False
2.1588231454583386,0.8499999999999999,20000,0.0005,0.00010670901973276002,0.00010713829697436417,3.761910953211598e-07,0.00010640093134997834,0.00010787566259875,0.4022876816591747,0.3525391726615851,0.3511266334681183,-0.28871822040278383,1.0932935837211222,3.525569439207636e-06,7.370529721009279e-08,3.3811009678009267e-06,3.6700379106143455e-06,3.3092036833945415e-06,3.7419351950207307e-06,True,False,False
2.285812742250006,0.9,20000,0.0005,0.00010460524643645313,0.00010503422832060743,3.8697476682239467e-07,0.00010427572580922831,0.00010579273083198654,0.4100959548093863,0.3699382010035977,0.3684272955680594,-0.3150134801556015,1.1352053897744074,1.421500785450906e-06,4.883238563676371e-08,1.3257852755062533e-06,1.5172162953955587e-06,1.2781507627742716e-06,1.5648508081275404e-06,True,False,False
2.4128023390416726,0.95,20000,0.0005,0.00010349150558697887,0.00010392962958179292,3.988785014075175e-07,0.00010314779476724649,0.00010471146439633936,0.4233429519931331,0.38542148859964376,0.38379671226827466,-0.33211500575137665,1.1788009097376317,3.1690204663639544e-07,2.4284809849361193e-08,2.693018131370399e-07,3.64502280135751e-07,2.4561271687686756e-07,3.881913763959233e-07,True,False,False
2.4762971374375065,0.9750000000000001,20000,0.0005,0.00010323800391247216,0.00010368363490018542,4.0519366555664093e-07,0.00010288942184220411,0.00010447784795816673,0.431654013856253,0.3924849863429891,0.3907980906984158,-0.3376489829884588,1.200957010700976,7.090736502888187e-08,1.2110802821453004e-08,4.716919101221436e-08,9.464553904554936e-08,3.535546977638951e-08,1.0645926028137422e-07,True,False,False
2.5143940164750065,0.99,20000,0.0005,0.0001031702624827474,0.00010362139923357319,4.0908672186333884e-07,0.00010281955546362112,0.00010442324300352526,0.4372740167267075,0.3965161200706921,0.39478980682476184,-0.33993033524066796,1.2144783686940608,8.67169841666067e-09,4.837482460812381e-09,-8.101668362296461e-10,1.8153563669550985e-08,-5.528984417339685e-09,2.2872381250661024e-08,False,False,True
2.527092976154173,0.995,20000,0.0005,0.00010316081704772488,0.00010361386174330383,4.104008628259268e-07,0.00010280944214850247,0.00010441828133810519,0.4391635395533555,0.39782630127489654,0.3960868323223649,-0.34060887580974475,1.218935954916467,1.134208147309821e-09,2.417630211945328e-09,-3.604546791169601e-09,5.872963085789243e-09,-5.962871816876164e-09,8.231288111495806e-09,False,False,True
2.53979193583334,1.0,20000,0.0005,0.00010315769945145592,0.0001036127275351565,4.1172306132813466e-07,0.00010280571632206257,0.00010441973874825044,0.4410994876002494,0.399120049707859,0.39736726473920325,-0.34120878156941314,1.223407756769923,0.0,0.0,0.0,0.0,0.0,0.0,False,False,True
2.552490895512506,1.005,20000,0.0005,0.0001031607716557665,0.0001036178877842144,4.130535788210185e-07,0.0001028082686469189,0.00010442750692150989,0.4431104198922009,0.40039791501300737,0.39863153713498584,-0.34170257084141786,1.2279234106258086,5.160249057868861e-09,2.415268425471961e-09,4.2612341598699293e-10,9.894374699750729e-09,-1.9298977585689693e-09,1.2250395874306691e-08,False,False,True
2.565189855191673,1.01,20000,0.0005,0.00010316989929985706,0.00010362915184119518,4.143920175807216e-07,0.00010281690925336078,0.00010444139442902958,0.44514198855940545,0.40165980619629793,0.3998797734210447,-0.3421444131396667,1.2324283902584776,1.6424306038671084e-08,4.828201971538924e-09,6.960631311428078e-09,2.588798076591409e-08,2.250866566436753e-09,3.0597745510905414e-08,True,False,False
2.6032867342291732,1.025,20000,0.0005,0.00010323232402617655,0.00010369817863922651,4.184522260005968e-07,0.00010287797770747092,0.0001045183795709821,0.4512681637699245,0.4053500005429405,0.4035290026225267,-0.3432513236995227,1.245787651239394,8.545110406997769e-08,1.205164047244432e-08,6.182889314483333e-08,1.0907331499512205e-07,5.00728829880467e-08,1.2082932515190868e-07,True,False,False
2.666781532625007,1.05,20000,0.0005,0.0001034459187434603,0.00010392377138103186,4.253589790238367e-07,0.00010309003264277632,0.0001047575101192874,0.461934741723935,0.4111897155447008,0.40929902116838796,-0.34403106957419105,1.2679005530220833,3.1104384587533924e-07,2.404458809986208e-08,2.6391446684998246e-07,3.58173224900696e-07,2.4045969962853724e-07,3.8162799212214123e-07,True,False,False
2.7937711294166743,1.1,20000,0.0005,0.000104235757124574,0.0001047410786774728,4.396524246014049e-07,0.0001038793236050881,0.0001056028337498575,0.48478714678963364,0.4217865699157042,0.41975166778186257,-0.3419493744933555,1.3115236680726339,1.1283511423162722e-06,4.786599801295969e-08,1.0345298319486103e-06,1.2221724526839342e-06,9.87838001065362e-07,1.2688642835671825e-06,True,False,False
3.1747399197916746,1.25,20000,0.0005,0.00010878134315699226,0.00010938375382797463,4.855410325643997e-07,0.00010843205329307455,0.00011033545436287471,0.5537812399622366,0.446345870048388,0.4438877032214483,-0.3210935384513669,1.4286560183758512,5.771026292818114e-06,1.1824767019361643e-07,5.5392510906697226e-06,6.002801494966505e-06,5.4239040709016695e-06,6.118148514734558e-06,True,False,False
3.8096879037500098,1.5,20000,0.0005,0.0001206916227672189,0.00012149530226664847,5.684578194243724e-07,0.00012038107797965672,0.0001226095265536402,0.6658950149171838,0.47100022884005127,0.4678846085561113,-0.2573043434515254,1.589094373285893,1.7882574731491923e-05,2.3283738443363097e-07,1.742619422305193e-05,1.8338955239931917e-05,1.7199068408724824e-05,1.8566081054259023e-05,True,False,False
